-- MySQL dump 10.13  Distrib 8.0.18, for Win64 (x86_64)
--
-- Host: localhost    Database: petadopt
-- ------------------------------------------------------
-- Server version	8.0.18

/*!40101 SET @OLD_CHARACTER_SET_CLIENT=@@CHARACTER_SET_CLIENT */;
/*!40101 SET @OLD_CHARACTER_SET_RESULTS=@@CHARACTER_SET_RESULTS */;
/*!40101 SET @OLD_COLLATION_CONNECTION=@@COLLATION_CONNECTION */;
/*!50503 SET NAMES utf8 */;
/*!40103 SET @OLD_TIME_ZONE=@@TIME_ZONE */;
/*!40103 SET TIME_ZONE='+00:00' */;
/*!40014 SET @OLD_UNIQUE_CHECKS=@@UNIQUE_CHECKS, UNIQUE_CHECKS=0 */;
/*!40014 SET @OLD_FOREIGN_KEY_CHECKS=@@FOREIGN_KEY_CHECKS, FOREIGN_KEY_CHECKS=0 */;
/*!40101 SET @OLD_SQL_MODE=@@SQL_MODE, SQL_MODE='NO_AUTO_VALUE_ON_ZERO' */;
/*!40111 SET @OLD_SQL_NOTES=@@SQL_NOTES, SQL_NOTES=0 */;

--
-- Table structure for table `gen_table`
--

DROP TABLE IF EXISTS `gen_table`;
/*!40101 SET @saved_cs_client     = @@character_set_client */;
/*!50503 SET character_set_client = utf8mb4 */;
CREATE TABLE `gen_table` (
  `table_id` bigint(20) NOT NULL AUTO_INCREMENT COMMENT 'ç¼–å·',
  `table_name` varchar(200) DEFAULT '' COMMENT 'è¡¨åç§°',
  `table_comment` varchar(500) DEFAULT '' COMMENT 'è¡¨æè¿°',
  `class_name` varchar(100) DEFAULT '' COMMENT 'å®ä½“ç±»åç§°',
  `tpl_category` varchar(200) DEFAULT 'crud' COMMENT 'ä½¿ç”¨çš„æ¨¡æ¿ï¼ˆcrudå•è¡¨æ“ä½œ treeæ ‘è¡¨æ“ä½œï¼‰',
  `package_name` varchar(100) DEFAULT NULL COMMENT 'ç”ŸæˆåŒ…è·¯å¾„',
  `module_name` varchar(30) DEFAULT NULL COMMENT 'ç”Ÿæˆæ¨¡å—å',
  `business_name` varchar(30) DEFAULT NULL COMMENT 'ç”Ÿæˆä¸šåŠ¡å',
  `function_name` varchar(50) DEFAULT NULL COMMENT 'ç”ŸæˆåŠŸèƒ½å',
  `function_author` varchar(50) DEFAULT NULL COMMENT 'ç”ŸæˆåŠŸèƒ½ä½œè€…',
  `options` varchar(1000) DEFAULT NULL COMMENT 'å…¶å®ƒç”Ÿæˆé€‰é¡¹',
  `create_by` varchar(64) DEFAULT '' COMMENT 'åˆ›å»ºè€…',
  `create_time` datetime DEFAULT NULL COMMENT 'åˆ›å»ºæ—¶é—´',
  `update_by` varchar(64) DEFAULT '' COMMENT 'æ›´æ–°è€…',
  `update_time` datetime DEFAULT NULL COMMENT 'æ›´æ–°æ—¶é—´',
  `remark` varchar(500) DEFAULT NULL COMMENT 'å¤‡æ³¨',
  PRIMARY KEY (`table_id`)
) ENGINE=InnoDB DEFAULT CHARSET=utf8mb4 COLLATE=utf8mb4_0900_ai_ci COMMENT='ä»£ç ç”Ÿæˆä¸šåŠ¡è¡¨';
/*!40101 SET character_set_client = @saved_cs_client */;

--
-- Dumping data for table `gen_table`
--

LOCK TABLES `gen_table` WRITE;
/*!40000 ALTER TABLE `gen_table` DISABLE KEYS */;
/*!40000 ALTER TABLE `gen_table` ENABLE KEYS */;
UNLOCK TABLES;

--
-- Table structure for table `gen_table_column`
--

DROP TABLE IF EXISTS `gen_table_column`;
/*!40101 SET @saved_cs_client     = @@character_set_client */;
/*!50503 SET character_set_client = utf8mb4 */;
CREATE TABLE `gen_table_column` (
  `column_id` bigint(20) NOT NULL AUTO_INCREMENT COMMENT 'ç¼–å·',
  `table_id` varchar(64) DEFAULT NULL COMMENT 'å½’å±è¡¨ç¼–å·',
  `column_name` varchar(200) DEFAULT NULL COMMENT 'åˆ—åç§°',
  `column_comment` varchar(500) DEFAULT NULL COMMENT 'åˆ—æè¿°',
  `column_type` varchar(100) DEFAULT NULL COMMENT 'åˆ—ç±»å‹',
  `java_type` varchar(500) DEFAULT NULL COMMENT 'JAVAç±»å‹',
  `java_field` varchar(200) DEFAULT NULL COMMENT 'JAVAå­—æ®µå',
  `is_pk` char(1) DEFAULT NULL COMMENT 'æ˜¯å¦ä¸»é”®ï¼ˆ1æ˜¯ï¼‰',
  `is_increment` char(1) DEFAULT NULL COMMENT 'æ˜¯å¦è‡ªå¢ï¼ˆ1æ˜¯ï¼‰',
  `is_required` char(1) DEFAULT NULL COMMENT 'æ˜¯å¦å¿…å¡«ï¼ˆ1æ˜¯ï¼‰',
  `is_insert` char(1) DEFAULT NULL COMMENT 'æ˜¯å¦ä¸ºæ’å…¥å­—æ®µï¼ˆ1æ˜¯ï¼‰',
  `is_edit` char(1) DEFAULT NULL COMMENT 'æ˜¯å¦ç¼–è¾‘å­—æ®µï¼ˆ1æ˜¯ï¼‰',
  `is_list` char(1) DEFAULT NULL COMMENT 'æ˜¯å¦åˆ—è¡¨å­—æ®µï¼ˆ1æ˜¯ï¼‰',
  `is_query` char(1) DEFAULT NULL COMMENT 'æ˜¯å¦æŸ¥è¯¢å­—æ®µï¼ˆ1æ˜¯ï¼‰',
  `query_type` varchar(200) DEFAULT 'EQ' COMMENT 'æŸ¥è¯¢æ–¹å¼ï¼ˆç­‰äºã€ä¸ç­‰äºã€å¤§äºã€å°äºã€èŒƒå›´ï¼‰',
  `html_type` varchar(200) DEFAULT NULL COMMENT 'æ˜¾ç¤ºç±»å‹ï¼ˆæ–‡æœ¬æ¡†ã€æ–‡æœ¬åŸŸã€ä¸‹æ‹‰æ¡†ã€å¤é€‰æ¡†ã€å•é€‰æ¡†ã€æ—¥æœŸæ§ä»¶ï¼‰',
  `dict_type` varchar(200) DEFAULT '' COMMENT 'å­—å…¸ç±»å‹',
  `sort` int(11) DEFAULT NULL COMMENT 'æ’åº',
  `create_by` varchar(64) DEFAULT '' COMMENT 'åˆ›å»ºè€…',
  `create_time` datetime DEFAULT NULL COMMENT 'åˆ›å»ºæ—¶é—´',
  `update_by` varchar(64) DEFAULT '' COMMENT 'æ›´æ–°è€…',
  `update_time` datetime DEFAULT NULL COMMENT 'æ›´æ–°æ—¶é—´',
  PRIMARY KEY (`column_id`)
) ENGINE=InnoDB DEFAULT CHARSET=utf8mb4 COLLATE=utf8mb4_0900_ai_ci COMMENT='ä»£ç ç”Ÿæˆä¸šåŠ¡è¡¨å­—æ®µ';
/*!40101 SET character_set_client = @saved_cs_client */;

--
-- Dumping data for table `gen_table_column`
--

LOCK TABLES `gen_table_column` WRITE;
/*!40000 ALTER TABLE `gen_table_column` DISABLE KEYS */;
/*!40000 ALTER TABLE `gen_table_column` ENABLE KEYS */;
UNLOCK TABLES;

--
-- Table structure for table `qrtz_blob_triggers`
--

DROP TABLE IF EXISTS `qrtz_blob_triggers`;
/*!40101 SET @saved_cs_client     = @@character_set_client */;
/*!50503 SET character_set_client = utf8mb4 */;
CREATE TABLE `qrtz_blob_triggers` (
  `sched_name` varchar(120) NOT NULL,
  `trigger_name` varchar(200) NOT NULL,
  `trigger_group` varchar(200) NOT NULL,
  `blob_data` blob,
  PRIMARY KEY (`sched_name`,`trigger_name`,`trigger_group`),
  CONSTRAINT `qrtz_blob_triggers_ibfk_1` FOREIGN KEY (`sched_name`, `trigger_name`, `trigger_group`) REFERENCES `qrtz_triggers` (`sched_name`, `trigger_name`, `trigger_group`)
) ENGINE=InnoDB DEFAULT CHARSET=utf8mb4 COLLATE=utf8mb4_0900_ai_ci;
/*!40101 SET character_set_client = @saved_cs_client */;

--
-- Dumping data for table `qrtz_blob_triggers`
--

LOCK TABLES `qrtz_blob_triggers` WRITE;
/*!40000 ALTER TABLE `qrtz_blob_triggers` DISABLE KEYS */;
/*!40000 ALTER TABLE `qrtz_blob_triggers` ENABLE KEYS */;
UNLOCK TABLES;

--
-- Table structure for table `qrtz_calendars`
--

DROP TABLE IF EXISTS `qrtz_calendars`;
/*!40101 SET @saved_cs_client     = @@character_set_client */;
/*!50503 SET character_set_client = utf8mb4 */;
CREATE TABLE `qrtz_calendars` (
  `sched_name` varchar(120) NOT NULL,
  `calendar_name` varchar(200) NOT NULL,
  `calendar` blob NOT NULL,
  PRIMARY KEY (`sched_name`,`calendar_name`)
) ENGINE=InnoDB DEFAULT CHARSET=utf8mb4 COLLATE=utf8mb4_0900_ai_ci;
/*!40101 SET character_set_client = @saved_cs_client */;

--
-- Dumping data for table `qrtz_calendars`
--

LOCK TABLES `qrtz_calendars` WRITE;
/*!40000 ALTER TABLE `qrtz_calendars` DISABLE KEYS */;
/*!40000 ALTER TABLE `qrtz_calendars` ENABLE KEYS */;
UNLOCK TABLES;

--
-- Table structure for table `qrtz_cron_triggers`
--

DROP TABLE IF EXISTS `qrtz_cron_triggers`;
/*!40101 SET @saved_cs_client     = @@character_set_client */;
/*!50503 SET character_set_client = utf8mb4 */;
CREATE TABLE `qrtz_cron_triggers` (
  `sched_name` varchar(120) NOT NULL,
  `trigger_name` varchar(200) NOT NULL,
  `trigger_group` varchar(200) NOT NULL,
  `cron_expression` varchar(200) NOT NULL,
  `time_zone_id` varchar(80) DEFAULT NULL,
  PRIMARY KEY (`sched_name`,`trigger_name`,`trigger_group`),
  CONSTRAINT `qrtz_cron_triggers_ibfk_1` FOREIGN KEY (`sched_name`, `trigger_name`, `trigger_group`) REFERENCES `qrtz_triggers` (`sched_name`, `trigger_name`, `trigger_group`)
) ENGINE=InnoDB DEFAULT CHARSET=utf8mb4 COLLATE=utf8mb4_0900_ai_ci;
/*!40101 SET character_set_client = @saved_cs_client */;

--
-- Dumping data for table `qrtz_cron_triggers`
--

LOCK TABLES `qrtz_cron_triggers` WRITE;
/*!40000 ALTER TABLE `qrtz_cron_triggers` DISABLE KEYS */;
INSERT INTO `qrtz_cron_triggers` VALUES ('RuoyiScheduler','TASK_CLASS_NAME1','DEFAULT','0/10 * * * * ?','Asia/Shanghai'),('RuoyiScheduler','TASK_CLASS_NAME2','DEFAULT','0/15 * * * * ?','Asia/Shanghai'),('RuoyiScheduler','TASK_CLASS_NAME3','DEFAULT','0/20 * * * * ?','Asia/Shanghai');
/*!40000 ALTER TABLE `qrtz_cron_triggers` ENABLE KEYS */;
UNLOCK TABLES;

--
-- Table structure for table `qrtz_fired_triggers`
--

DROP TABLE IF EXISTS `qrtz_fired_triggers`;
/*!40101 SET @saved_cs_client     = @@character_set_client */;
/*!50503 SET character_set_client = utf8mb4 */;
CREATE TABLE `qrtz_fired_triggers` (
  `sched_name` varchar(120) NOT NULL,
  `entry_id` varchar(95) NOT NULL,
  `trigger_name` varchar(200) NOT NULL,
  `trigger_group` varchar(200) NOT NULL,
  `instance_name` varchar(200) NOT NULL,
  `fired_time` bigint(13) NOT NULL,
  `sched_time` bigint(13) NOT NULL,
  `priority` int(11) NOT NULL,
  `state` varchar(16) NOT NULL,
  `job_name` varchar(200) DEFAULT NULL,
  `job_group` varchar(200) DEFAULT NULL,
  `is_nonconcurrent` varchar(1) DEFAULT NULL,
  `requests_recovery` varchar(1) DEFAULT NULL,
  PRIMARY KEY (`sched_name`,`entry_id`)
) ENGINE=InnoDB DEFAULT CHARSET=utf8mb4 COLLATE=utf8mb4_0900_ai_ci;
/*!40101 SET character_set_client = @saved_cs_client */;

--
-- Dumping data for table `qrtz_fired_triggers`
--

LOCK TABLES `qrtz_fired_triggers` WRITE;
/*!40000 ALTER TABLE `qrtz_fired_triggers` DISABLE KEYS */;
/*!40000 ALTER TABLE `qrtz_fired_triggers` ENABLE KEYS */;
UNLOCK TABLES;

--
-- Table structure for table `qrtz_job_details`
--

DROP TABLE IF EXISTS `qrtz_job_details`;
/*!40101 SET @saved_cs_client     = @@character_set_client */;
/*!50503 SET character_set_client = utf8mb4 */;
CREATE TABLE `qrtz_job_details` (
  `sched_name` varchar(120) NOT NULL,
  `job_name` varchar(200) NOT NULL,
  `job_group` varchar(200) NOT NULL,
  `description` varchar(250) DEFAULT NULL,
  `job_class_name` varchar(250) NOT NULL,
  `is_durable` varchar(1) NOT NULL,
  `is_nonconcurrent` varchar(1) NOT NULL,
  `is_update_data` varchar(1) NOT NULL,
  `requests_recovery` varchar(1) NOT NULL,
  `job_data` blob,
  PRIMARY KEY (`sched_name`,`job_name`,`job_group`)
) ENGINE=InnoDB DEFAULT CHARSET=utf8mb4 COLLATE=utf8mb4_0900_ai_ci;
/*!40101 SET character_set_client = @saved_cs_client */;

--
-- Dumping data for table `qrtz_job_details`
--

LOCK TABLES `qrtz_job_details` WRITE;
/*!40000 ALTER TABLE `qrtz_job_details` DISABLE KEYS */;
INSERT INTO `qrtz_job_details` VALUES ('RuoyiScheduler','TASK_CLASS_NAME1','DEFAULT',NULL,'com.ruoyi.quartz.util.QuartzDisallowConcurrentExecution','0','1','0','0',_binary '¬\í\0sr\0org.quartz.JobDataMapŸ°ƒè¿©°\Ë\0\0xr\0&org.quartz.utils.StringKeyDirtyFlagMap‚\è\Ãû\Å](\0Z\0allowsTransientDataxr\0org.quartz.utils.DirtyFlagMap\æ.­(v\n\Î\0Z\0dirtyL\0mapt\0Ljava/util/Map;xpsr\0java.util.HashMap\ÚÁ\Ã`\Ñ\0F\0\nloadFactorI\0	thresholdxp?@\0\0\0\0\0w\0\0\0\0\0\0t\0TASK_PROPERTIESsr\0com.ruoyi.quartz.domain.SysJob\0\0\0\0\0\0\0\0L\0\nconcurrentt\0Ljava/lang/String;L\0cronExpressionq\0~\0	L\0invokeTargetq\0~\0	L\0jobGroupq\0~\0	L\0jobIdt\0Ljava/lang/Long;L\0jobNameq\0~\0	L\0\rmisfirePolicyq\0~\0	L\0statusq\0~\0	xr\0\'com.ruoyi.common.core.domain.BaseEntity\0\0\0\0\0\0\0\0L\0createByq\0~\0	L\0\ncreateTimet\0Ljava/util/Date;L\0paramsq\0~\0L\0remarkq\0~\0	L\0searchValueq\0~\0	L\0updateByq\0~\0	L\0\nupdateTimeq\0~\0xpt\0adminsr\0java.util.DatehjKYt\0\0xpw\0\0b,\Ş)\àxpt\0\0pppt\01t\00/10 * * * * ?t\0ryTask.ryNoParamst\0DEFAULTsr\0java.lang.Long;‹\äÌ#\ß\0J\0valuexr\0java.lang.Number†¬•”\à‹\0\0xp\0\0\0\0\0\0\0t\0ç³»ç»Ÿé»˜è®¤ï¼ˆæ— å‚ï¼‰t\03t\01x\0'),('RuoyiScheduler','TASK_CLASS_NAME2','DEFAULT',NULL,'com.ruoyi.quartz.util.QuartzDisallowConcurrentExecution','0','1','0','0',_binary '¬\í\0sr\0org.quartz.JobDataMapŸ°ƒè¿©°\Ë\0\0xr\0&org.quartz.utils.StringKeyDirtyFlagMap‚\è\Ãû\Å](\0Z\0allowsTransientDataxr\0org.quartz.utils.DirtyFlagMap\æ.­(v\n\Î\0Z\0dirtyL\0mapt\0Ljava/util/Map;xpsr\0java.util.HashMap\ÚÁ\Ã`\Ñ\0F\0\nloadFactorI\0	thresholdxp?@\0\0\0\0\0w\0\0\0\0\0\0t\0TASK_PROPERTIESsr\0com.ruoyi.quartz.domain.SysJob\0\0\0\0\0\0\0\0L\0\nconcurrentt\0Ljava/lang/String;L\0cronExpressionq\0~\0	L\0invokeTargetq\0~\0	L\0jobGroupq\0~\0	L\0jobIdt\0Ljava/lang/Long;L\0jobNameq\0~\0	L\0\rmisfirePolicyq\0~\0	L\0statusq\0~\0	xr\0\'com.ruoyi.common.core.domain.BaseEntity\0\0\0\0\0\0\0\0L\0createByq\0~\0	L\0\ncreateTimet\0Ljava/util/Date;L\0paramsq\0~\0L\0remarkq\0~\0	L\0searchValueq\0~\0	L\0updateByq\0~\0	L\0\nupdateTimeq\0~\0xpt\0adminsr\0java.util.DatehjKYt\0\0xpw\0\0b,\Ş)\àxpt\0\0pppt\01t\00/15 * * * * ?t\0ryTask.ryParams(\'ry\')t\0DEFAULTsr\0java.lang.Long;‹\äÌ#\ß\0J\0valuexr\0java.lang.Number†¬•”\à‹\0\0xp\0\0\0\0\0\0\0t\0ç³»ç»Ÿé»˜è®¤ï¼ˆæœ‰å‚ï¼‰t\03t\01x\0'),('RuoyiScheduler','TASK_CLASS_NAME3','DEFAULT',NULL,'com.ruoyi.quartz.util.QuartzDisallowConcurrentExecution','0','1','0','0',_binary '¬\í\0sr\0org.quartz.JobDataMapŸ°ƒè¿©°\Ë\0\0xr\0&org.quartz.utils.StringKeyDirtyFlagMap‚\è\Ãû\Å](\0Z\0allowsTransientDataxr\0org.quartz.utils.DirtyFlagMap\æ.­(v\n\Î\0Z\0dirtyL\0mapt\0Ljava/util/Map;xpsr\0java.util.HashMap\ÚÁ\Ã`\Ñ\0F\0\nloadFactorI\0	thresholdxp?@\0\0\0\0\0w\0\0\0\0\0\0t\0TASK_PROPERTIESsr\0com.ruoyi.quartz.domain.SysJob\0\0\0\0\0\0\0\0L\0\nconcurrentt\0Ljava/lang/String;L\0cronExpressionq\0~\0	L\0invokeTargetq\0~\0	L\0jobGroupq\0~\0	L\0jobIdt\0Ljava/lang/Long;L\0jobNameq\0~\0	L\0\rmisfirePolicyq\0~\0	L\0statusq\0~\0	xr\0\'com.ruoyi.common.core.domain.BaseEntity\0\0\0\0\0\0\0\0L\0createByq\0~\0	L\0\ncreateTimet\0Ljava/util/Date;L\0paramsq\0~\0L\0remarkq\0~\0	L\0searchValueq\0~\0	L\0updateByq\0~\0	L\0\nupdateTimeq\0~\0xpt\0adminsr\0java.util.DatehjKYt\0\0xpw\0\0b,\Ş)\àxpt\0\0pppt\01t\00/20 * * * * ?t\08ryTask.ryMultipleParams(\'ry\', true, 2000L, 316.50D, 100)t\0DEFAULTsr\0java.lang.Long;‹\äÌ#\ß\0J\0valuexr\0java.lang.Number†¬•”\à‹\0\0xp\0\0\0\0\0\0\0t\0ç³»ç»Ÿé»˜è®¤ï¼ˆå¤šå‚ï¼‰t\03t\01x\0');
/*!40000 ALTER TABLE `qrtz_job_details` ENABLE KEYS */;
UNLOCK TABLES;

--
-- Table structure for table `qrtz_locks`
--

DROP TABLE IF EXISTS `qrtz_locks`;
/*!40101 SET @saved_cs_client     = @@character_set_client */;
/*!50503 SET character_set_client = utf8mb4 */;
CREATE TABLE `qrtz_locks` (
  `sched_name` varchar(120) NOT NULL,
  `lock_name` varchar(40) NOT NULL,
  PRIMARY KEY (`sched_name`,`lock_name`)
) ENGINE=InnoDB DEFAULT CHARSET=utf8mb4 COLLATE=utf8mb4_0900_ai_ci;
/*!40101 SET character_set_client = @saved_cs_client */;

--
-- Dumping data for table `qrtz_locks`
--

LOCK TABLES `qrtz_locks` WRITE;
/*!40000 ALTER TABLE `qrtz_locks` DISABLE KEYS */;
INSERT INTO `qrtz_locks` VALUES ('RuoyiScheduler','STATE_ACCESS'),('RuoyiScheduler','TRIGGER_ACCESS');
/*!40000 ALTER TABLE `qrtz_locks` ENABLE KEYS */;
UNLOCK TABLES;

--
-- Table structure for table `qrtz_paused_trigger_grps`
--

DROP TABLE IF EXISTS `qrtz_paused_trigger_grps`;
/*!40101 SET @saved_cs_client     = @@character_set_client */;
/*!50503 SET character_set_client = utf8mb4 */;
CREATE TABLE `qrtz_paused_trigger_grps` (
  `sched_name` varchar(120) NOT NULL,
  `trigger_group` varchar(200) NOT NULL,
  PRIMARY KEY (`sched_name`,`trigger_group`)
) ENGINE=InnoDB DEFAULT CHARSET=utf8mb4 COLLATE=utf8mb4_0900_ai_ci;
/*!40101 SET character_set_client = @saved_cs_client */;

--
-- Dumping data for table `qrtz_paused_trigger_grps`
--

LOCK TABLES `qrtz_paused_trigger_grps` WRITE;
/*!40000 ALTER TABLE `qrtz_paused_trigger_grps` DISABLE KEYS */;
/*!40000 ALTER TABLE `qrtz_paused_trigger_grps` ENABLE KEYS */;
UNLOCK TABLES;

--
-- Table structure for table `qrtz_scheduler_state`
--

DROP TABLE IF EXISTS `qrtz_scheduler_state`;
/*!40101 SET @saved_cs_client     = @@character_set_client */;
/*!50503 SET character_set_client = utf8mb4 */;
CREATE TABLE `qrtz_scheduler_state` (
  `sched_name` varchar(120) NOT NULL,
  `instance_name` varchar(200) NOT NULL,
  `last_checkin_time` bigint(13) NOT NULL,
  `checkin_interval` bigint(13) NOT NULL,
  PRIMARY KEY (`sched_name`,`instance_name`)
) ENGINE=InnoDB DEFAULT CHARSET=utf8mb4 COLLATE=utf8mb4_0900_ai_ci;
/*!40101 SET character_set_client = @saved_cs_client */;

--
-- Dumping data for table `qrtz_scheduler_state`
--

LOCK TABLES `qrtz_scheduler_state` WRITE;
/*!40000 ALTER TABLE `qrtz_scheduler_state` DISABLE KEYS */;
INSERT INTO `qrtz_scheduler_state` VALUES ('RuoyiScheduler','LAPTOP-6RGHAD0S1581920268017',1581924877422,15000);
/*!40000 ALTER TABLE `qrtz_scheduler_state` ENABLE KEYS */;
UNLOCK TABLES;

--
-- Table structure for table `qrtz_simple_triggers`
--

DROP TABLE IF EXISTS `qrtz_simple_triggers`;
/*!40101 SET @saved_cs_client     = @@character_set_client */;
/*!50503 SET character_set_client = utf8mb4 */;
CREATE TABLE `qrtz_simple_triggers` (
  `sched_name` varchar(120) NOT NULL,
  `trigger_name` varchar(200) NOT NULL,
  `trigger_group` varchar(200) NOT NULL,
  `repeat_count` bigint(7) NOT NULL,
  `repeat_interval` bigint(12) NOT NULL,
  `times_triggered` bigint(10) NOT NULL,
  PRIMARY KEY (`sched_name`,`trigger_name`,`trigger_group`),
  CONSTRAINT `qrtz_simple_triggers_ibfk_1` FOREIGN KEY (`sched_name`, `trigger_name`, `trigger_group`) REFERENCES `qrtz_triggers` (`sched_name`, `trigger_name`, `trigger_group`)
) ENGINE=InnoDB DEFAULT CHARSET=utf8mb4 COLLATE=utf8mb4_0900_ai_ci;
/*!40101 SET character_set_client = @saved_cs_client */;

--
-- Dumping data for table `qrtz_simple_triggers`
--

LOCK TABLES `qrtz_simple_triggers` WRITE;
/*!40000 ALTER TABLE `qrtz_simple_triggers` DISABLE KEYS */;
/*!40000 ALTER TABLE `qrtz_simple_triggers` ENABLE KEYS */;
UNLOCK TABLES;

--
-- Table structure for table `qrtz_simprop_triggers`
--

DROP TABLE IF EXISTS `qrtz_simprop_triggers`;
/*!40101 SET @saved_cs_client     = @@character_set_client */;
/*!50503 SET character_set_client = utf8mb4 */;
CREATE TABLE `qrtz_simprop_triggers` (
  `sched_name` varchar(120) NOT NULL,
  `trigger_name` varchar(200) NOT NULL,
  `trigger_group` varchar(200) NOT NULL,
  `str_prop_1` varchar(512) DEFAULT NULL,
  `str_prop_2` varchar(512) DEFAULT NULL,
  `str_prop_3` varchar(512) DEFAULT NULL,
  `int_prop_1` int(11) DEFAULT NULL,
  `int_prop_2` int(11) DEFAULT NULL,
  `long_prop_1` bigint(20) DEFAULT NULL,
  `long_prop_2` bigint(20) DEFAULT NULL,
  `dec_prop_1` decimal(13,4) DEFAULT NULL,
  `dec_prop_2` decimal(13,4) DEFAULT NULL,
  `bool_prop_1` varchar(1) DEFAULT NULL,
  `bool_prop_2` varchar(1) DEFAULT NULL,
  PRIMARY KEY (`sched_name`,`trigger_name`,`trigger_group`),
  CONSTRAINT `qrtz_simprop_triggers_ibfk_1` FOREIGN KEY (`sched_name`, `trigger_name`, `trigger_group`) REFERENCES `qrtz_triggers` (`sched_name`, `trigger_name`, `trigger_group`)
) ENGINE=InnoDB DEFAULT CHARSET=utf8mb4 COLLATE=utf8mb4_0900_ai_ci;
/*!40101 SET character_set_client = @saved_cs_client */;

--
-- Dumping data for table `qrtz_simprop_triggers`
--

LOCK TABLES `qrtz_simprop_triggers` WRITE;
/*!40000 ALTER TABLE `qrtz_simprop_triggers` DISABLE KEYS */;
/*!40000 ALTER TABLE `qrtz_simprop_triggers` ENABLE KEYS */;
UNLOCK TABLES;

--
-- Table structure for table `qrtz_triggers`
--

DROP TABLE IF EXISTS `qrtz_triggers`;
/*!40101 SET @saved_cs_client     = @@character_set_client */;
/*!50503 SET character_set_client = utf8mb4 */;
CREATE TABLE `qrtz_triggers` (
  `sched_name` varchar(120) NOT NULL,
  `trigger_name` varchar(200) NOT NULL,
  `trigger_group` varchar(200) NOT NULL,
  `job_name` varchar(200) NOT NULL,
  `job_group` varchar(200) NOT NULL,
  `description` varchar(250) DEFAULT NULL,
  `next_fire_time` bigint(13) DEFAULT NULL,
  `prev_fire_time` bigint(13) DEFAULT NULL,
  `priority` int(11) DEFAULT NULL,
  `trigger_state` varchar(16) NOT NULL,
  `trigger_type` varchar(8) NOT NULL,
  `start_time` bigint(13) NOT NULL,
  `end_time` bigint(13) DEFAULT NULL,
  `calendar_name` varchar(200) DEFAULT NULL,
  `misfire_instr` smallint(2) DEFAULT NULL,
  `job_data` blob,
  PRIMARY KEY (`sched_name`,`trigger_name`,`trigger_group`),
  KEY `sched_name` (`sched_name`,`job_name`,`job_group`),
  CONSTRAINT `qrtz_triggers_ibfk_1` FOREIGN KEY (`sched_name`, `job_name`, `job_group`) REFERENCES `qrtz_job_details` (`sched_name`, `job_name`, `job_group`)
) ENGINE=InnoDB DEFAULT CHARSET=utf8mb4 COLLATE=utf8mb4_0900_ai_ci;
/*!40101 SET character_set_client = @saved_cs_client */;

--
-- Dumping data for table `qrtz_triggers`
--

LOCK TABLES `qrtz_triggers` WRITE;
/*!40000 ALTER TABLE `qrtz_triggers` DISABLE KEYS */;
INSERT INTO `qrtz_triggers` VALUES ('RuoyiScheduler','TASK_CLASS_NAME1','DEFAULT','TASK_CLASS_NAME1','DEFAULT',NULL,1581920270000,-1,5,'PAUSED','CRON',1581920268000,0,NULL,2,''),('RuoyiScheduler','TASK_CLASS_NAME2','DEFAULT','TASK_CLASS_NAME2','DEFAULT',NULL,1581920280000,-1,5,'PAUSED','CRON',1581920268000,0,NULL,2,''),('RuoyiScheduler','TASK_CLASS_NAME3','DEFAULT','TASK_CLASS_NAME3','DEFAULT',NULL,1581920280000,-1,5,'PAUSED','CRON',1581920268000,0,NULL,2,'');
/*!40000 ALTER TABLE `qrtz_triggers` ENABLE KEYS */;
UNLOCK TABLES;

--
-- Table structure for table `sys_config`
--

DROP TABLE IF EXISTS `sys_config`;
/*!40101 SET @saved_cs_client     = @@character_set_client */;
/*!50503 SET character_set_client = utf8mb4 */;
CREATE TABLE `sys_config` (
  `config_id` int(5) NOT NULL AUTO_INCREMENT COMMENT 'å‚æ•°ä¸»é”®',
  `config_name` varchar(100) DEFAULT '' COMMENT 'å‚æ•°åç§°',
  `config_key` varchar(100) DEFAULT '' COMMENT 'å‚æ•°é”®å',
  `config_value` varchar(500) DEFAULT '' COMMENT 'å‚æ•°é”®å€¼',
  `config_type` char(1) DEFAULT 'N' COMMENT 'ç³»ç»Ÿå†…ç½®ï¼ˆYæ˜¯ Nå¦ï¼‰',
  `create_by` varchar(64) DEFAULT '' COMMENT 'åˆ›å»ºè€…',
  `create_time` datetime DEFAULT NULL COMMENT 'åˆ›å»ºæ—¶é—´',
  `update_by` varchar(64) DEFAULT '' COMMENT 'æ›´æ–°è€…',
  `update_time` datetime DEFAULT NULL COMMENT 'æ›´æ–°æ—¶é—´',
  `remark` varchar(500) DEFAULT NULL COMMENT 'å¤‡æ³¨',
  PRIMARY KEY (`config_id`)
) ENGINE=InnoDB AUTO_INCREMENT=100 DEFAULT CHARSET=utf8mb4 COLLATE=utf8mb4_0900_ai_ci COMMENT='å‚æ•°é…ç½®è¡¨';
/*!40101 SET character_set_client = @saved_cs_client */;

--
-- Dumping data for table `sys_config`
--

LOCK TABLES `sys_config` WRITE;
/*!40000 ALTER TABLE `sys_config` DISABLE KEYS */;
INSERT INTO `sys_config` VALUES (1,'ä¸»æ¡†æ¶é¡µ-é»˜è®¤çš®è‚¤æ ·å¼åç§°','sys.index.skinName','skin-blue','Y','admin','2018-03-16 11:33:00','ry','2018-03-16 11:33:00','è“è‰² skin-blueã€ç»¿è‰² skin-greenã€ç´«è‰² skin-purpleã€çº¢è‰² skin-redã€é»„è‰² skin-yellow'),(2,'ç”¨æˆ·ç®¡ç†-è´¦å·åˆå§‹å¯†ç ','sys.user.initPassword','123456','Y','admin','2018-03-16 11:33:00','ry','2018-03-16 11:33:00','åˆå§‹åŒ–å¯†ç  123456'),(3,'ä¸»æ¡†æ¶é¡µ-ä¾§è¾¹æ ä¸»é¢˜','sys.index.sideTheme','theme-dark','Y','admin','2018-03-16 11:33:00','ry','2018-03-16 11:33:00','æ·±é»‘ä¸»é¢˜theme-darkï¼Œæµ…è‰²ä¸»é¢˜theme-lightï¼Œæ·±è“ä¸»é¢˜theme-blue');
/*!40000 ALTER TABLE `sys_config` ENABLE KEYS */;
UNLOCK TABLES;

--
-- Table structure for table `sys_dept`
--

DROP TABLE IF EXISTS `sys_dept`;
/*!40101 SET @saved_cs_client     = @@character_set_client */;
/*!50503 SET character_set_client = utf8mb4 */;
CREATE TABLE `sys_dept` (
  `dept_id` bigint(20) NOT NULL AUTO_INCREMENT COMMENT 'éƒ¨é—¨id',
  `parent_id` bigint(20) DEFAULT '0' COMMENT 'çˆ¶éƒ¨é—¨id',
  `ancestors` varchar(50) DEFAULT '' COMMENT 'ç¥–çº§åˆ—è¡¨',
  `dept_name` varchar(30) DEFAULT '' COMMENT 'éƒ¨é—¨åç§°',
  `order_num` int(4) DEFAULT '0' COMMENT 'æ˜¾ç¤ºé¡ºåº',
  `leader` varchar(20) DEFAULT NULL COMMENT 'è´Ÿè´£äºº',
  `phone` varchar(11) DEFAULT NULL COMMENT 'è”ç³»ç”µè¯',
  `email` varchar(50) DEFAULT NULL COMMENT 'é‚®ç®±',
  `status` char(1) DEFAULT '0' COMMENT 'éƒ¨é—¨çŠ¶æ€ï¼ˆ0æ­£å¸¸ 1åœç”¨ï¼‰',
  `del_flag` char(1) DEFAULT '0' COMMENT 'åˆ é™¤æ ‡å¿—ï¼ˆ0ä»£è¡¨å­˜åœ¨ 2ä»£è¡¨åˆ é™¤ï¼‰',
  `create_by` varchar(64) DEFAULT '' COMMENT 'åˆ›å»ºè€…',
  `create_time` datetime DEFAULT NULL COMMENT 'åˆ›å»ºæ—¶é—´',
  `update_by` varchar(64) DEFAULT '' COMMENT 'æ›´æ–°è€…',
  `update_time` datetime DEFAULT NULL COMMENT 'æ›´æ–°æ—¶é—´',
  PRIMARY KEY (`dept_id`)
) ENGINE=InnoDB AUTO_INCREMENT=200 DEFAULT CHARSET=utf8mb4 COLLATE=utf8mb4_0900_ai_ci COMMENT='éƒ¨é—¨è¡¨';
/*!40101 SET character_set_client = @saved_cs_client */;

--
-- Dumping data for table `sys_dept`
--

LOCK TABLES `sys_dept` WRITE;
/*!40000 ALTER TABLE `sys_dept` DISABLE KEYS */;
INSERT INTO `sys_dept` VALUES (100,0,'0','è‹¥ä¾ç§‘æŠ€',0,'è‹¥ä¾','15888888888','ry@qq.com','0','0','admin','2018-03-16 11:33:00','ry','2018-03-16 11:33:00'),(101,100,'0,100','æ·±åœ³æ€»å…¬å¸',1,'è‹¥ä¾','15888888888','ry@qq.com','0','0','admin','2018-03-16 11:33:00','ry','2018-03-16 11:33:00'),(102,100,'0,100','é•¿æ²™åˆ†å…¬å¸',2,'è‹¥ä¾','15888888888','ry@qq.com','0','0','admin','2018-03-16 11:33:00','ry','2018-03-16 11:33:00'),(103,101,'0,100,101','ç ”å‘éƒ¨é—¨',1,'è‹¥ä¾','15888888888','ry@qq.com','0','0','admin','2018-03-16 11:33:00','ry','2018-03-16 11:33:00'),(104,101,'0,100,101','å¸‚åœºéƒ¨é—¨',2,'è‹¥ä¾','15888888888','ry@qq.com','0','0','admin','2018-03-16 11:33:00','ry','2018-03-16 11:33:00'),(105,101,'0,100,101','æµ‹è¯•éƒ¨é—¨',3,'è‹¥ä¾','15888888888','ry@qq.com','0','0','admin','2018-03-16 11:33:00','ry','2018-03-16 11:33:00'),(106,101,'0,100,101','è´¢åŠ¡éƒ¨é—¨',4,'è‹¥ä¾','15888888888','ry@qq.com','0','0','admin','2018-03-16 11:33:00','ry','2018-03-16 11:33:00'),(107,101,'0,100,101','è¿ç»´éƒ¨é—¨',5,'è‹¥ä¾','15888888888','ry@qq.com','0','0','admin','2018-03-16 11:33:00','ry','2018-03-16 11:33:00'),(108,102,'0,100,102','å¸‚åœºéƒ¨é—¨',1,'è‹¥ä¾','15888888888','ry@qq.com','0','0','admin','2018-03-16 11:33:00','ry','2018-03-16 11:33:00'),(109,102,'0,100,102','è´¢åŠ¡éƒ¨é—¨',2,'è‹¥ä¾','15888888888','ry@qq.com','0','0','admin','2018-03-16 11:33:00','ry','2018-03-16 11:33:00');
/*!40000 ALTER TABLE `sys_dept` ENABLE KEYS */;
UNLOCK TABLES;

--
-- Table structure for table `sys_dict_data`
--

DROP TABLE IF EXISTS `sys_dict_data`;
/*!40101 SET @saved_cs_client     = @@character_set_client */;
/*!50503 SET character_set_client = utf8mb4 */;
CREATE TABLE `sys_dict_data` (
  `dict_code` bigint(20) NOT NULL AUTO_INCREMENT COMMENT 'å­—å…¸ç¼–ç ',
  `dict_sort` int(4) DEFAULT '0' COMMENT 'å­—å…¸æ’åº',
  `dict_label` varchar(100) DEFAULT '' COMMENT 'å­—å…¸æ ‡ç­¾',
  `dict_value` varchar(100) DEFAULT '' COMMENT 'å­—å…¸é”®å€¼',
  `dict_type` varchar(100) DEFAULT '' COMMENT 'å­—å…¸ç±»å‹',
  `css_class` varchar(100) DEFAULT NULL COMMENT 'æ ·å¼å±æ€§ï¼ˆå…¶ä»–æ ·å¼æ‰©å±•ï¼‰',
  `list_class` varchar(100) DEFAULT NULL COMMENT 'è¡¨æ ¼å›æ˜¾æ ·å¼',
  `is_default` char(1) DEFAULT 'N' COMMENT 'æ˜¯å¦é»˜è®¤ï¼ˆYæ˜¯ Nå¦ï¼‰',
  `status` char(1) DEFAULT '0' COMMENT 'çŠ¶æ€ï¼ˆ0æ­£å¸¸ 1åœç”¨ï¼‰',
  `create_by` varchar(64) DEFAULT '' COMMENT 'åˆ›å»ºè€…',
  `create_time` datetime DEFAULT NULL COMMENT 'åˆ›å»ºæ—¶é—´',
  `update_by` varchar(64) DEFAULT '' COMMENT 'æ›´æ–°è€…',
  `update_time` datetime DEFAULT NULL COMMENT 'æ›´æ–°æ—¶é—´',
  `remark` varchar(500) DEFAULT NULL COMMENT 'å¤‡æ³¨',
  PRIMARY KEY (`dict_code`)
) ENGINE=InnoDB AUTO_INCREMENT=102 DEFAULT CHARSET=utf8mb4 COLLATE=utf8mb4_0900_ai_ci COMMENT='å­—å…¸æ•°æ®è¡¨';
/*!40101 SET character_set_client = @saved_cs_client */;

--
-- Dumping data for table `sys_dict_data`
--

LOCK TABLES `sys_dict_data` WRITE;
/*!40000 ALTER TABLE `sys_dict_data` DISABLE KEYS */;
INSERT INTO `sys_dict_data` VALUES (1,1,'ç”·','0','sys_user_sex','','','Y','0','admin','2018-03-16 11:33:00','ry','2018-03-16 11:33:00','æ€§åˆ«ç”·'),(2,2,'å¥³','1','sys_user_sex','','','N','0','admin','2018-03-16 11:33:00','ry','2018-03-16 11:33:00','æ€§åˆ«å¥³'),(3,3,'æœªçŸ¥','2','sys_user_sex','','','N','0','admin','2018-03-16 11:33:00','ry','2018-03-16 11:33:00','æ€§åˆ«æœªçŸ¥'),(4,1,'æ˜¾ç¤º','0','sys_show_hide','','primary','Y','0','admin','2018-03-16 11:33:00','ry','2018-03-16 11:33:00','æ˜¾ç¤ºèœå•'),(5,2,'éšè—','1','sys_show_hide','','danger','N','0','admin','2018-03-16 11:33:00','ry','2018-03-16 11:33:00','éšè—èœå•'),(6,1,'æ­£å¸¸','0','sys_normal_disable','','primary','Y','0','admin','2018-03-16 11:33:00','ry','2018-03-16 11:33:00','æ­£å¸¸çŠ¶æ€'),(7,2,'åœç”¨','1','sys_normal_disable','','danger','N','0','admin','2018-03-16 11:33:00','ry','2018-03-16 11:33:00','åœç”¨çŠ¶æ€'),(8,1,'æ­£å¸¸','0','sys_job_status','','primary','Y','0','admin','2018-03-16 11:33:00','ry','2018-03-16 11:33:00','æ­£å¸¸çŠ¶æ€'),(9,2,'æš‚åœ','1','sys_job_status','','danger','N','0','admin','2018-03-16 11:33:00','ry','2018-03-16 11:33:00','åœç”¨çŠ¶æ€'),(10,1,'é»˜è®¤','DEFAULT','sys_job_group','','','Y','0','admin','2018-03-16 11:33:00','ry','2018-03-16 11:33:00','é»˜è®¤åˆ†ç»„'),(11,2,'ç³»ç»Ÿ','SYSTEM','sys_job_group','','','N','0','admin','2018-03-16 11:33:00','ry','2018-03-16 11:33:00','ç³»ç»Ÿåˆ†ç»„'),(12,1,'æ˜¯','Y','sys_yes_no','','primary','Y','0','admin','2018-03-16 11:33:00','ry','2018-03-16 11:33:00','ç³»ç»Ÿé»˜è®¤æ˜¯'),(13,2,'å¦','N','sys_yes_no','','danger','N','0','admin','2018-03-16 11:33:00','ry','2018-03-16 11:33:00','ç³»ç»Ÿé»˜è®¤å¦'),(14,1,'é€šçŸ¥','1','sys_notice_type','','warning','Y','0','admin','2018-03-16 11:33:00','ry','2018-03-16 11:33:00','é€šçŸ¥'),(15,2,'å…¬å‘Š','2','sys_notice_type','','success','N','0','admin','2018-03-16 11:33:00','ry','2018-03-16 11:33:00','å…¬å‘Š'),(16,1,'æ­£å¸¸','0','sys_notice_status','','primary','Y','0','admin','2018-03-16 11:33:00','ry','2018-03-16 11:33:00','æ­£å¸¸çŠ¶æ€'),(17,2,'å…³é—­','1','sys_notice_status','','danger','N','0','admin','2018-03-16 11:33:00','ry','2018-03-16 11:33:00','å…³é—­çŠ¶æ€'),(18,1,'æ–°å¢','1','sys_oper_type','','info','N','0','admin','2018-03-16 11:33:00','ry','2018-03-16 11:33:00','æ–°å¢æ“ä½œ'),(19,2,'ä¿®æ”¹','2','sys_oper_type','','info','N','0','admin','2018-03-16 11:33:00','ry','2018-03-16 11:33:00','ä¿®æ”¹æ“ä½œ'),(20,3,'åˆ é™¤','3','sys_oper_type','','danger','N','0','admin','2018-03-16 11:33:00','ry','2018-03-16 11:33:00','åˆ é™¤æ“ä½œ'),(21,4,'æˆæƒ','4','sys_oper_type','','primary','N','0','admin','2018-03-16 11:33:00','ry','2018-03-16 11:33:00','æˆæƒæ“ä½œ'),(22,5,'å¯¼å‡º','5','sys_oper_type','','warning','N','0','admin','2018-03-16 11:33:00','ry','2018-03-16 11:33:00','å¯¼å‡ºæ“ä½œ'),(23,6,'å¯¼å…¥','6','sys_oper_type','','warning','N','0','admin','2018-03-16 11:33:00','ry','2018-03-16 11:33:00','å¯¼å…¥æ“ä½œ'),(24,7,'å¼ºé€€','7','sys_oper_type','','danger','N','0','admin','2018-03-16 11:33:00','ry','2018-03-16 11:33:00','å¼ºé€€æ“ä½œ'),(25,8,'ç”Ÿæˆä»£ç ','8','sys_oper_type','','warning','N','0','admin','2018-03-16 11:33:00','ry','2018-03-16 11:33:00','ç”Ÿæˆæ“ä½œ'),(26,9,'æ¸…ç©ºæ•°æ®','9','sys_oper_type','','danger','N','0','admin','2018-03-16 11:33:00','ry','2018-03-16 11:33:00','æ¸…ç©ºæ“ä½œ'),(27,1,'æˆåŠŸ','0','sys_common_status','','primary','N','0','admin','2018-03-16 11:33:00','ry','2018-03-16 11:33:00','æ­£å¸¸çŠ¶æ€'),(28,2,'å¤±è´¥','1','sys_common_status','','danger','N','0','admin','2018-03-16 11:33:00','ry','2018-03-16 11:33:00','åœç”¨çŠ¶æ€'),(29,1,'é›„æ€§','1','sys_pet_sex','','','Y','0','admin','2019-12-18 10:45:19','admin','2019-12-18 11:08:59','æ€§åˆ«é›„æ€§'),(30,2,'é›Œæ€§','0','sys_pet_sex','','','Y','0','admin','2019-12-18 10:46:07','admin','2019-12-18 11:08:50','æ€§åˆ«é›Œæ€§'),(100,1,'è¿™ä¸æ˜¯å¯„å…»çš„å® ç‰©','1','sys_pet_foststatu',NULL,NULL,'Y','0','admin','2019-12-18 10:55:34','',NULL,NULL),(101,2,'è¿™æ˜¯å¯„å…»çš„å® ç‰©','0','sys_pet_foststatu',NULL,NULL,'Y','0','admin','2019-12-18 10:55:45','',NULL,NULL);
/*!40000 ALTER TABLE `sys_dict_data` ENABLE KEYS */;
UNLOCK TABLES;

--
-- Table structure for table `sys_dict_type`
--

DROP TABLE IF EXISTS `sys_dict_type`;
/*!40101 SET @saved_cs_client     = @@character_set_client */;
/*!50503 SET character_set_client = utf8mb4 */;
CREATE TABLE `sys_dict_type` (
  `dict_id` bigint(20) NOT NULL AUTO_INCREMENT COMMENT 'å­—å…¸ä¸»é”®',
  `dict_name` varchar(100) DEFAULT '' COMMENT 'å­—å…¸åç§°',
  `dict_type` varchar(100) DEFAULT '' COMMENT 'å­—å…¸ç±»å‹',
  `status` char(1) DEFAULT '0' COMMENT 'çŠ¶æ€ï¼ˆ0æ­£å¸¸ 1åœç”¨ï¼‰',
  `create_by` varchar(64) DEFAULT '' COMMENT 'åˆ›å»ºè€…',
  `create_time` datetime DEFAULT NULL COMMENT 'åˆ›å»ºæ—¶é—´',
  `update_by` varchar(64) DEFAULT '' COMMENT 'æ›´æ–°è€…',
  `update_time` datetime DEFAULT NULL COMMENT 'æ›´æ–°æ—¶é—´',
  `remark` varchar(500) DEFAULT NULL COMMENT 'å¤‡æ³¨',
  PRIMARY KEY (`dict_id`),
  UNIQUE KEY `dict_type` (`dict_type`)
) ENGINE=InnoDB AUTO_INCREMENT=102 DEFAULT CHARSET=utf8mb4 COLLATE=utf8mb4_0900_ai_ci COMMENT='å­—å…¸ç±»å‹è¡¨';
/*!40101 SET character_set_client = @saved_cs_client */;

--
-- Dumping data for table `sys_dict_type`
--

LOCK TABLES `sys_dict_type` WRITE;
/*!40000 ALTER TABLE `sys_dict_type` DISABLE KEYS */;
INSERT INTO `sys_dict_type` VALUES (1,'ç”¨æˆ·æ€§åˆ«','sys_user_sex','0','admin','2018-03-16 11:33:00','ry','2018-03-16 11:33:00','ç”¨æˆ·æ€§åˆ«åˆ—è¡¨'),(2,'èœå•çŠ¶æ€','sys_show_hide','0','admin','2018-03-16 11:33:00','ry','2018-03-16 11:33:00','èœå•çŠ¶æ€åˆ—è¡¨'),(3,'ç³»ç»Ÿå¼€å…³','sys_normal_disable','0','admin','2018-03-16 11:33:00','ry','2018-03-16 11:33:00','ç³»ç»Ÿå¼€å…³åˆ—è¡¨'),(4,'ä»»åŠ¡çŠ¶æ€','sys_job_status','0','admin','2018-03-16 11:33:00','ry','2018-03-16 11:33:00','ä»»åŠ¡çŠ¶æ€åˆ—è¡¨'),(5,'ä»»åŠ¡åˆ†ç»„','sys_job_group','0','admin','2018-03-16 11:33:00','ry','2018-03-16 11:33:00','ä»»åŠ¡åˆ†ç»„åˆ—è¡¨'),(6,'ç³»ç»Ÿæ˜¯å¦','sys_yes_no','0','admin','2018-03-16 11:33:00','ry','2018-03-16 11:33:00','ç³»ç»Ÿæ˜¯å¦åˆ—è¡¨'),(7,'é€šçŸ¥ç±»å‹','sys_notice_type','0','admin','2018-03-16 11:33:00','ry','2018-03-16 11:33:00','é€šçŸ¥ç±»å‹åˆ—è¡¨'),(8,'é€šçŸ¥çŠ¶æ€','sys_notice_status','0','admin','2018-03-16 11:33:00','ry','2018-03-16 11:33:00','é€šçŸ¥çŠ¶æ€åˆ—è¡¨'),(9,'æ“ä½œç±»å‹','sys_oper_type','0','admin','2018-03-16 11:33:00','ry','2018-03-16 11:33:00','æ“ä½œç±»å‹åˆ—è¡¨'),(10,'ç³»ç»ŸçŠ¶æ€','sys_common_status','0','admin','2018-03-16 11:33:00','ry','2018-03-16 11:33:00','ç™»å½•çŠ¶æ€åˆ—è¡¨'),(100,'å® ç‰©æ€§åˆ«','sys_pet_sex','0','admin','2019-12-18 10:52:15','admin','2019-12-18 10:54:14','å® ç‰©æ€§åˆ«åˆ—è¡¨'),(101,'å® ç‰©å¯„å…»çŠ¶æ€','sys_pet_foststatu','0','admin','2019-12-18 10:55:08','',NULL,'å® ç‰©å¯„å…»çŠ¶æ€åˆ—è¡¨');
/*!40000 ALTER TABLE `sys_dict_type` ENABLE KEYS */;
UNLOCK TABLES;

--
-- Table structure for table `sys_file_info`
--

DROP TABLE IF EXISTS `sys_file_info`;
/*!40101 SET @saved_cs_client     = @@character_set_client */;
/*!50503 SET character_set_client = utf8mb4 */;
CREATE TABLE `sys_file_info` (
  `file_id` int(11) NOT NULL AUTO_INCREMENT COMMENT 'æ–‡ä»¶id',
  `file_name` varchar(50) DEFAULT '' COMMENT 'æ–‡ä»¶åç§°',
  `file_path` varchar(255) DEFAULT '' COMMENT 'æ–‡ä»¶è·¯å¾„',
  PRIMARY KEY (`file_id`)
) ENGINE=InnoDB DEFAULT CHARSET=utf8 COMMENT='æ–‡ä»¶ä¿¡æ¯è¡¨';
/*!40101 SET character_set_client = @saved_cs_client */;

--
-- Dumping data for table `sys_file_info`
--

LOCK TABLES `sys_file_info` WRITE;
/*!40000 ALTER TABLE `sys_file_info` DISABLE KEYS */;
/*!40000 ALTER TABLE `sys_file_info` ENABLE KEYS */;
UNLOCK TABLES;

--
-- Table structure for table `sys_job`
--

DROP TABLE IF EXISTS `sys_job`;
/*!40101 SET @saved_cs_client     = @@character_set_client */;
/*!50503 SET character_set_client = utf8mb4 */;
CREATE TABLE `sys_job` (
  `job_id` bigint(20) NOT NULL AUTO_INCREMENT COMMENT 'ä»»åŠ¡ID',
  `job_name` varchar(64) NOT NULL DEFAULT '' COMMENT 'ä»»åŠ¡åç§°',
  `job_group` varchar(64) NOT NULL DEFAULT 'DEFAULT' COMMENT 'ä»»åŠ¡ç»„å',
  `invoke_target` varchar(500) NOT NULL COMMENT 'è°ƒç”¨ç›®æ ‡å­—ç¬¦ä¸²',
  `cron_expression` varchar(255) DEFAULT '' COMMENT 'cronæ‰§è¡Œè¡¨è¾¾å¼',
  `misfire_policy` varchar(20) DEFAULT '3' COMMENT 'è®¡åˆ’æ‰§è¡Œé”™è¯¯ç­–ç•¥ï¼ˆ1ç«‹å³æ‰§è¡Œ 2æ‰§è¡Œä¸€æ¬¡ 3æ”¾å¼ƒæ‰§è¡Œï¼‰',
  `concurrent` char(1) DEFAULT '1' COMMENT 'æ˜¯å¦å¹¶å‘æ‰§è¡Œï¼ˆ0å…è®¸ 1ç¦æ­¢ï¼‰',
  `status` char(1) DEFAULT '0' COMMENT 'çŠ¶æ€ï¼ˆ0æ­£å¸¸ 1æš‚åœï¼‰',
  `create_by` varchar(64) DEFAULT '' COMMENT 'åˆ›å»ºè€…',
  `create_time` datetime DEFAULT NULL COMMENT 'åˆ›å»ºæ—¶é—´',
  `update_by` varchar(64) DEFAULT '' COMMENT 'æ›´æ–°è€…',
  `update_time` datetime DEFAULT NULL COMMENT 'æ›´æ–°æ—¶é—´',
  `remark` varchar(500) DEFAULT '' COMMENT 'å¤‡æ³¨ä¿¡æ¯',
  PRIMARY KEY (`job_id`,`job_name`,`job_group`)
) ENGINE=InnoDB AUTO_INCREMENT=100 DEFAULT CHARSET=utf8mb4 COLLATE=utf8mb4_0900_ai_ci COMMENT='å®šæ—¶ä»»åŠ¡è°ƒåº¦è¡¨';
/*!40101 SET character_set_client = @saved_cs_client */;

--
-- Dumping data for table `sys_job`
--

LOCK TABLES `sys_job` WRITE;
/*!40000 ALTER TABLE `sys_job` DISABLE KEYS */;
INSERT INTO `sys_job` VALUES (1,'ç³»ç»Ÿé»˜è®¤ï¼ˆæ— å‚ï¼‰','DEFAULT','ryTask.ryNoParams','0/10 * * * * ?','3','1','1','admin','2018-03-16 11:33:00','ry','2018-03-16 11:33:00',''),(2,'ç³»ç»Ÿé»˜è®¤ï¼ˆæœ‰å‚ï¼‰','DEFAULT','ryTask.ryParams(\'ry\')','0/15 * * * * ?','3','1','1','admin','2018-03-16 11:33:00','ry','2018-03-16 11:33:00',''),(3,'ç³»ç»Ÿé»˜è®¤ï¼ˆå¤šå‚ï¼‰','DEFAULT','ryTask.ryMultipleParams(\'ry\', true, 2000L, 316.50D, 100)','0/20 * * * * ?','3','1','1','admin','2018-03-16 11:33:00','ry','2018-03-16 11:33:00','');
/*!40000 ALTER TABLE `sys_job` ENABLE KEYS */;
UNLOCK TABLES;

--
-- Table structure for table `sys_job_log`
--

DROP TABLE IF EXISTS `sys_job_log`;
/*!40101 SET @saved_cs_client     = @@character_set_client */;
/*!50503 SET character_set_client = utf8mb4 */;
CREATE TABLE `sys_job_log` (
  `job_log_id` bigint(20) NOT NULL AUTO_INCREMENT COMMENT 'ä»»åŠ¡æ—¥å¿—ID',
  `job_name` varchar(64) NOT NULL COMMENT 'ä»»åŠ¡åç§°',
  `job_group` varchar(64) NOT NULL COMMENT 'ä»»åŠ¡ç»„å',
  `invoke_target` varchar(500) NOT NULL COMMENT 'è°ƒç”¨ç›®æ ‡å­—ç¬¦ä¸²',
  `job_message` varchar(500) DEFAULT NULL COMMENT 'æ—¥å¿—ä¿¡æ¯',
  `status` char(1) DEFAULT '0' COMMENT 'æ‰§è¡ŒçŠ¶æ€ï¼ˆ0æ­£å¸¸ 1å¤±è´¥ï¼‰',
  `exception_info` varchar(2000) DEFAULT '' COMMENT 'å¼‚å¸¸ä¿¡æ¯',
  `create_time` datetime DEFAULT NULL COMMENT 'åˆ›å»ºæ—¶é—´',
  PRIMARY KEY (`job_log_id`)
) ENGINE=InnoDB DEFAULT CHARSET=utf8mb4 COLLATE=utf8mb4_0900_ai_ci COMMENT='å®šæ—¶ä»»åŠ¡è°ƒåº¦æ—¥å¿—è¡¨';
/*!40101 SET character_set_client = @saved_cs_client */;

--
-- Dumping data for table `sys_job_log`
--

LOCK TABLES `sys_job_log` WRITE;
/*!40000 ALTER TABLE `sys_job_log` DISABLE KEYS */;
/*!40000 ALTER TABLE `sys_job_log` ENABLE KEYS */;
UNLOCK TABLES;

--
-- Table structure for table `sys_logininfor`
--

DROP TABLE IF EXISTS `sys_logininfor`;
/*!40101 SET @saved_cs_client     = @@character_set_client */;
/*!50503 SET character_set_client = utf8mb4 */;
CREATE TABLE `sys_logininfor` (
  `info_id` bigint(20) NOT NULL AUTO_INCREMENT COMMENT 'è®¿é—®ID',
  `login_name` varchar(50) DEFAULT '' COMMENT 'ç™»å½•è´¦å·',
  `ipaddr` varchar(50) DEFAULT '' COMMENT 'ç™»å½•IPåœ°å€',
  `login_location` varchar(255) DEFAULT '' COMMENT 'ç™»å½•åœ°ç‚¹',
  `browser` varchar(50) DEFAULT '' COMMENT 'æµè§ˆå™¨ç±»å‹',
  `os` varchar(50) DEFAULT '' COMMENT 'æ“ä½œç³»ç»Ÿ',
  `status` char(1) DEFAULT '0' COMMENT 'ç™»å½•çŠ¶æ€ï¼ˆ0æˆåŠŸ 1å¤±è´¥ï¼‰',
  `msg` varchar(255) DEFAULT '' COMMENT 'æç¤ºæ¶ˆæ¯',
  `login_time` datetime DEFAULT NULL COMMENT 'è®¿é—®æ—¶é—´',
  PRIMARY KEY (`info_id`)
) ENGINE=InnoDB AUTO_INCREMENT=239 DEFAULT CHARSET=utf8mb4 COLLATE=utf8mb4_0900_ai_ci COMMENT='ç³»ç»Ÿè®¿é—®è®°å½•';
/*!40101 SET character_set_client = @saved_cs_client */;

--
-- Dumping data for table `sys_logininfor`
--

LOCK TABLES `sys_logininfor` WRITE;
/*!40000 ALTER TABLE `sys_logininfor` DISABLE KEYS */;
INSERT INTO `sys_logininfor` VALUES (100,'admin','127.0.0.1','å†…ç½‘IP','Chrome','Mac OS X','0','ç™»å½•æˆåŠŸ','2019-12-16 11:56:43'),(101,'admin','127.0.0.1','å†…ç½‘IP','Chrome','Mac OS X','0','é€€å‡ºæˆåŠŸ','2019-12-16 12:02:13'),(102,'admin','127.0.0.1','å†…ç½‘IP','Chrome','Mac OS X','0','ç™»å½•æˆåŠŸ','2019-12-16 13:27:09'),(103,'admin','127.0.0.1','å†…ç½‘IP','Chrome','Mac OS X','0','ç™»å½•æˆåŠŸ','2019-12-16 13:30:03'),(104,'admin','127.0.0.1','å†…ç½‘IP','Chrome','Mac OS X','0','é€€å‡ºæˆåŠŸ','2019-12-16 13:30:44'),(105,'admin','127.0.0.1','å†…ç½‘IP','Chrome','Mac OS X','0','ç™»å½•æˆåŠŸ','2019-12-16 13:30:54'),(106,'admin','127.0.0.1','å†…ç½‘IP','Firefox 7','Mac OS X','0','ç™»å½•æˆåŠŸ','2019-12-17 10:46:48'),(107,'admin','127.0.0.1','å†…ç½‘IP','Firefox 7','Mac OS X','0','ç™»å½•æˆåŠŸ','2019-12-17 12:55:34'),(108,'admin','127.0.0.1','å†…ç½‘IP','Firefox 7','Mac OS X','0','ç™»å½•æˆåŠŸ','2019-12-17 13:35:30'),(109,'admin','127.0.0.1','å†…ç½‘IP','Firefox 7','Mac OS X','0','é€€å‡ºæˆåŠŸ','2019-12-17 13:43:05'),(110,'admin','127.0.0.1','å†…ç½‘IP','Firefox 7','Mac OS X','0','ç™»å½•æˆåŠŸ','2019-12-17 13:43:12'),(111,'admin','127.0.0.1','å†…ç½‘IP','Chrome','Mac OS X','0','é€€å‡ºæˆåŠŸ','2019-12-17 14:10:34'),(112,'admin','127.0.0.1','å†…ç½‘IP','Chrome','Mac OS X','0','ç™»å½•æˆåŠŸ','2019-12-17 14:10:37'),(113,'admin','127.0.0.1','å†…ç½‘IP','Chrome','Mac OS X','1','éªŒè¯ç é”™è¯¯','2019-12-17 14:58:54'),(114,'admin','127.0.0.1','å†…ç½‘IP','Chrome','Mac OS X','0','ç™»å½•æˆåŠŸ','2019-12-17 14:58:58'),(115,'admin','127.0.0.1','å†…ç½‘IP','Chrome','Mac OS X','0','ç™»å½•æˆåŠŸ','2019-12-17 15:26:04'),(116,'admin','127.0.0.1','å†…ç½‘IP','Chrome','Mac OS X','0','ç™»å½•æˆåŠŸ','2019-12-18 10:03:15'),(117,'admin','127.0.0.1','å†…ç½‘IP','Chrome','Mac OS X','0','ç™»å½•æˆåŠŸ','2019-12-18 11:57:16'),(118,'admin','127.0.0.1','å†…ç½‘IP','Chrome','Mac OS X','0','ç™»å½•æˆåŠŸ','2019-12-18 13:02:00'),(119,'admin','127.0.0.1','å†…ç½‘IP','Chrome','Mac OS X','0','é€€å‡ºæˆåŠŸ','2019-12-18 13:05:15'),(120,'ruoyi','127.0.0.1','å†…ç½‘IP','Chrome','Mac OS X','1','ç”¨æˆ·ä¸å­˜åœ¨/å¯†ç é”™è¯¯','2019-12-18 13:07:17'),(121,'ruoyi','127.0.0.1','å†…ç½‘IP','Chrome','Mac OS X','1','ç”¨æˆ·ä¸å­˜åœ¨/å¯†ç é”™è¯¯','2019-12-18 13:07:57'),(122,'admin','127.0.0.1','å†…ç½‘IP','Chrome','Mac OS X','0','ç™»å½•æˆåŠŸ','2019-12-18 13:10:34'),(123,'admin','127.0.0.1','å†…ç½‘IP','Chrome','Mac OS X','0','é€€å‡ºæˆåŠŸ','2019-12-18 13:12:15'),(124,'ry','127.0.0.1','å†…ç½‘IP','Chrome','Mac OS X','0','ç™»å½•æˆåŠŸ','2019-12-18 13:12:25'),(125,'ry','127.0.0.1','å†…ç½‘IP','Chrome','Mac OS X','0','é€€å‡ºæˆåŠŸ','2019-12-18 13:12:41'),(126,'admin','127.0.0.1','å†…ç½‘IP','Chrome','Mac OS X','0','ç™»å½•æˆåŠŸ','2019-12-18 13:12:45'),(127,'admin','127.0.0.1','å†…ç½‘IP','Chrome','Mac OS X','0','ç™»å½•æˆåŠŸ','2019-12-18 13:13:13'),(128,'admin','127.0.0.1','å†…ç½‘IP','Chrome','Mac OS X','0','é€€å‡ºæˆåŠŸ','2019-12-18 13:14:14'),(129,'user','127.0.0.1','å†…ç½‘IP','Chrome','Mac OS X','0','ç™»å½•æˆåŠŸ','2019-12-18 13:14:23'),(130,'user','127.0.0.1','å†…ç½‘IP','Chrome','Mac OS X','0','é€€å‡ºæˆåŠŸ','2019-12-18 13:15:20'),(131,'admin','127.0.0.1','å†…ç½‘IP','Chrome','Mac OS X','0','ç™»å½•æˆåŠŸ','2019-12-18 13:15:23'),(132,'admin','127.0.0.1','å†…ç½‘IP','Chrome','Mac OS X','0','é€€å‡ºæˆåŠŸ','2019-12-18 13:16:04'),(133,'user','127.0.0.1','å†…ç½‘IP','Chrome','Mac OS X','0','ç™»å½•æˆåŠŸ','2019-12-18 13:16:11'),(134,'user','127.0.0.1','å†…ç½‘IP','Chrome','Mac OS X','0','é€€å‡ºæˆåŠŸ','2019-12-18 13:16:42'),(135,'admin','127.0.0.1','å†…ç½‘IP','Chrome','Mac OS X','0','ç™»å½•æˆåŠŸ','2019-12-18 13:16:44'),(136,'admin','127.0.0.1','å†…ç½‘IP','Chrome','Mac OS X','0','é€€å‡ºæˆåŠŸ','2019-12-18 13:17:12'),(137,'user','127.0.0.1','å†…ç½‘IP','Chrome','Mac OS X','0','ç™»å½•æˆåŠŸ','2019-12-18 13:17:21'),(138,'admin','127.0.0.1','å†…ç½‘IP','Firefox 7','Mac OS X','0','ç™»å½•æˆåŠŸ','2019-12-18 13:41:07'),(139,'admin','127.0.0.1','å†…ç½‘IP','Firefox 7','Mac OS X','0','é€€å‡ºæˆåŠŸ','2019-12-18 14:07:31'),(140,'ry','127.0.0.1','å†…ç½‘IP','Firefox 7','Mac OS X','0','ç™»å½•æˆåŠŸ','2019-12-18 14:09:58'),(141,'ry','127.0.0.1','å†…ç½‘IP','Firefox 7','Mac OS X','0','é€€å‡ºæˆåŠŸ','2019-12-18 14:13:06'),(142,'ry','127.0.0.1','å†…ç½‘IP','Firefox 7','Mac OS X','0','ç™»å½•æˆåŠŸ','2019-12-18 14:13:10'),(143,'ry','127.0.0.1','å†…ç½‘IP','Firefox 7','Mac OS X','0','é€€å‡ºæˆåŠŸ','2019-12-18 14:14:18'),(144,'admin','127.0.0.1','å†…ç½‘IP','Firefox 7','Mac OS X','0','ç™»å½•æˆåŠŸ','2019-12-18 14:14:27'),(145,'admin','127.0.0.1','å†…ç½‘IP','Firefox 7','Mac OS X','0','é€€å‡ºæˆåŠŸ','2019-12-18 14:14:32'),(146,'ry','127.0.0.1','å†…ç½‘IP','Firefox 7','Mac OS X','0','ç™»å½•æˆåŠŸ','2019-12-18 14:14:37'),(147,'user','127.0.0.1','å†…ç½‘IP','Chrome','Mac OS X','0','ç™»å½•æˆåŠŸ','2019-12-18 14:47:46'),(148,'user','127.0.0.1','å†…ç½‘IP','Chrome','Mac OS X','0','é€€å‡ºæˆåŠŸ','2019-12-18 14:51:14'),(149,'ry','127.0.0.1','å†…ç½‘IP','Chrome','Mac OS X','0','ç™»å½•æˆåŠŸ','2019-12-18 14:51:21'),(150,'ry','127.0.0.1','å†…ç½‘IP','Chrome','Mac OS X','0','é€€å‡ºæˆåŠŸ','2019-12-18 14:58:06'),(151,'user','127.0.0.1','å†…ç½‘IP','Chrome','Mac OS X','0','ç™»å½•æˆåŠŸ','2019-12-18 14:58:13'),(152,'user','127.0.0.1','å†…ç½‘IP','Chrome','Mac OS X','0','ç™»å½•æˆåŠŸ','2019-12-18 15:00:56'),(153,'ry','127.0.0.1','å†…ç½‘IP','Chrome','Mac OS X','0','ç™»å½•æˆåŠŸ','2019-12-18 16:02:17'),(154,'ry','127.0.0.1','å†…ç½‘IP','Chrome','Mac OS X','0','é€€å‡ºæˆåŠŸ','2019-12-18 16:02:24'),(155,'user','127.0.0.1','å†…ç½‘IP','Chrome','Mac OS X','0','ç™»å½•æˆåŠŸ','2019-12-18 16:02:31'),(156,'user','127.0.0.1','å†…ç½‘IP','Chrome','Mac OS X','0','é€€å‡ºæˆåŠŸ','2019-12-18 16:02:52'),(157,'ry','127.0.0.1','å†…ç½‘IP','Chrome','Mac OS X','0','ç™»å½•æˆåŠŸ','2019-12-18 16:02:57'),(158,'user','127.0.0.1','å†…ç½‘IP','Chrome','Mac OS X','0','ç™»å½•æˆåŠŸ','2019-12-18 16:04:56'),(159,'ry','127.0.0.1','å†…ç½‘IP','Chrome','Mac OS X','0','ç™»å½•æˆåŠŸ','2019-12-18 16:12:52'),(160,'ry','127.0.0.1','å†…ç½‘IP','Chrome','Mac OS X','0','ç™»å½•æˆåŠŸ','2019-12-18 16:17:47'),(161,'ry','127.0.0.1','å†…ç½‘IP','Firefox 7','Mac OS X','0','ç™»å½•æˆåŠŸ','2019-12-18 16:20:46'),(162,'ry','127.0.0.1','å†…ç½‘IP','Chrome','Mac OS X','0','é€€å‡ºæˆåŠŸ','2019-12-18 16:25:43'),(163,'user','127.0.0.1','å†…ç½‘IP','Chrome','Mac OS X','0','ç™»å½•æˆåŠŸ','2019-12-18 16:25:52'),(164,'user','127.0.0.1','å†…ç½‘IP','Chrome','Mac OS X','0','é€€å‡ºæˆåŠŸ','2019-12-18 17:09:41'),(165,'ry','127.0.0.1','å†…ç½‘IP','Chrome','Mac OS X','0','ç™»å½•æˆåŠŸ','2019-12-18 17:09:45'),(166,'ry','127.0.0.1','å†…ç½‘IP','Chrome','Mac OS X','0','é€€å‡ºæˆåŠŸ','2019-12-18 17:12:41'),(167,'admin','127.0.0.1','å†…ç½‘IP','Chrome','Mac OS X','1','éªŒè¯ç é”™è¯¯','2019-12-18 17:12:48'),(168,'admin','127.0.0.1','å†…ç½‘IP','Chrome','Mac OS X','1','å¯†ç è¾“å…¥é”™è¯¯1æ¬¡','2019-12-18 17:12:51'),(169,'admin','127.0.0.1','å†…ç½‘IP','Chrome','Mac OS X','0','ç™»å½•æˆåŠŸ','2019-12-18 17:12:59'),(170,'admin','127.0.0.1','å†…ç½‘IP','Chrome','Mac OS X','0','é€€å‡ºæˆåŠŸ','2019-12-18 17:20:26'),(171,'user','127.0.0.1','å†…ç½‘IP','Chrome','Mac OS X','0','ç™»å½•æˆåŠŸ','2019-12-18 17:20:32'),(172,'user','127.0.0.1','å†…ç½‘IP','Chrome','Mac OS X','0','é€€å‡ºæˆåŠŸ','2019-12-18 17:24:05'),(173,'admin','127.0.0.1','å†…ç½‘IP','Chrome','Mac OS X','0','ç™»å½•æˆåŠŸ','2019-12-18 17:25:34'),(174,'admin','127.0.0.1','å†…ç½‘IP','Chrome','Mac OS X','0','ç™»å½•æˆåŠŸ','2019-12-19 09:23:17'),(175,'admin','127.0.0.1','å†…ç½‘IP','Chrome','Mac OS X','0','é€€å‡ºæˆåŠŸ','2019-12-19 09:24:06'),(176,'user','127.0.0.1','å†…ç½‘IP','Chrome','Mac OS X','0','ç™»å½•æˆåŠŸ','2019-12-19 09:24:33'),(177,'admin','127.0.0.1','å†…ç½‘IP','Firefox 7','Mac OS X','0','ç™»å½•æˆåŠŸ','2019-12-19 09:35:38'),(178,'user','127.0.0.1','å†…ç½‘IP','Chrome','Mac OS X','0','ç™»å½•æˆåŠŸ','2019-12-19 09:53:05'),(179,'admin','127.0.0.1','å†…ç½‘IP','Firefox 7','Mac OS X','0','ç™»å½•æˆåŠŸ','2019-12-19 10:57:34'),(180,'admin','127.0.0.1','å†…ç½‘IP','Firefox 7','Mac OS X','0','ç™»å½•æˆåŠŸ','2019-12-19 11:38:53'),(181,'admin','127.0.0.1','å†…ç½‘IP','Chrome','Mac OS X','1','éªŒè¯ç é”™è¯¯','2019-12-19 13:03:58'),(182,'admin','127.0.0.1','å†…ç½‘IP','Chrome','Mac OS X','0','ç™»å½•æˆåŠŸ','2019-12-19 13:04:03'),(183,'user','127.0.0.1','å†…ç½‘IP','Firefox 7','Mac OS X','0','ç™»å½•æˆåŠŸ','2019-12-19 13:37:53'),(184,'user','127.0.0.1','å†…ç½‘IP','Firefox 7','Mac OS X','0','ç™»å½•æˆåŠŸ','2019-12-19 15:15:18'),(185,'user','127.0.0.1','å†…ç½‘IP','Firefox 7','Mac OS X','0','ç™»å½•æˆåŠŸ','2019-12-19 15:30:30'),(186,'admin','127.0.0.1','å†…ç½‘IP','Chrome','Mac OS X','0','ç™»å½•æˆåŠŸ','2019-12-19 15:32:09'),(187,'user','127.0.0.1','å†…ç½‘IP','Firefox 7','Mac OS X','0','é€€å‡ºæˆåŠŸ','2019-12-19 15:43:15'),(188,'user','127.0.0.1','å†…ç½‘IP','Firefox 7','Mac OS X','0','ç™»å½•æˆåŠŸ','2019-12-19 15:43:21'),(189,'user','127.0.0.1','å†…ç½‘IP','Firefox 7','Mac OS X','0','ç™»å½•æˆåŠŸ','2019-12-19 16:13:09'),(190,'admin','127.0.0.1','å†…ç½‘IP','Chrome','Mac OS X','0','ç™»å½•æˆåŠŸ','2019-12-19 16:14:30'),(191,'admin','127.0.0.1','å†…ç½‘IP','Chrome','Mac OS X','0','ç™»å½•æˆåŠŸ','2019-12-20 09:16:40'),(192,'user','127.0.0.1','å†…ç½‘IP','Firefox 7','Mac OS X','0','ç™»å½•æˆåŠŸ','2019-12-20 09:18:51'),(193,'user','127.0.0.1','å†…ç½‘IP','Firefox 7','Mac OS X','0','ç™»å½•æˆåŠŸ','2019-12-20 10:00:35'),(194,'user','127.0.0.1','å†…ç½‘IP','Firefox 7','Mac OS X','0','é€€å‡ºæˆåŠŸ','2019-12-20 10:15:22'),(195,'user','127.0.0.1','å†…ç½‘IP','Firefox 7','Mac OS X','1','å¯†ç è¾“å…¥é”™è¯¯1æ¬¡','2019-12-20 10:15:32'),(196,'user','127.0.0.1','å†…ç½‘IP','Firefox 7','Mac OS X','0','ç™»å½•æˆåŠŸ','2019-12-20 10:15:37'),(197,'user','127.0.0.1','å†…ç½‘IP','Firefox 7','Mac OS X','0','é€€å‡ºæˆåŠŸ','2019-12-20 11:00:45'),(198,'user','127.0.0.1','å†…ç½‘IP','Firefox 7','Mac OS X','0','ç™»å½•æˆåŠŸ','2019-12-20 11:00:53'),(199,'user','127.0.0.1','å†…ç½‘IP','Firefox 7','Mac OS X','0','é€€å‡ºæˆåŠŸ','2019-12-20 11:09:48'),(200,'user','127.0.0.1','å†…ç½‘IP','Firefox 7','Mac OS X','0','ç™»å½•æˆåŠŸ','2019-12-20 11:09:57'),(201,'user','127.0.0.1','å†…ç½‘IP','Firefox 7','Mac OS X','0','é€€å‡ºæˆåŠŸ','2019-12-20 11:12:47'),(202,'admin','127.0.0.1','å†…ç½‘IP','Firefox 7','Mac OS X','0','ç™»å½•æˆåŠŸ','2019-12-20 11:12:50'),(203,'admin','127.0.0.1','å†…ç½‘IP','Firefox 7','Mac OS X','0','ç™»å½•æˆåŠŸ','2019-12-20 11:49:48'),(204,'admin','127.0.0.1','å†…ç½‘IP','Firefox 7','Mac OS X','0','ç™»å½•æˆåŠŸ','2019-12-20 13:08:34'),(205,'user','127.0.0.1','å†…ç½‘IP','Chrome','Mac OS X','0','ç™»å½•æˆåŠŸ','2019-12-20 13:18:09'),(206,'admin','127.0.0.1','å†…ç½‘IP','Firefox 7','Mac OS X','0','ç™»å½•æˆåŠŸ','2019-12-20 13:28:44'),(207,'user','127.0.0.1','å†…ç½‘IP','Chrome','Mac OS X','0','ç™»å½•æˆåŠŸ','2019-12-20 13:35:25'),(208,'user','127.0.0.1','å†…ç½‘IP','Chrome','Mac OS X','0','ç™»å½•æˆåŠŸ','2019-12-20 14:43:04'),(209,'admin','127.0.0.1','å†…ç½‘IP','Firefox 7','Mac OS X','0','ç™»å½•æˆåŠŸ','2019-12-20 14:44:47'),(210,'admin','127.0.0.1','å†…ç½‘IP','Firefox 7','Mac OS X','0','ç™»å½•æˆåŠŸ','2019-12-20 17:03:40'),(211,'admin','127.0.0.1','å†…ç½‘IP','Firefox 7','Mac OS X','0','ç™»å½•æˆåŠŸ','2019-12-20 17:10:53'),(212,'admin','127.0.0.1','å†…ç½‘IP','Chrome','Mac OS X','1','éªŒè¯ç é”™è¯¯','2019-12-21 08:30:53'),(213,'admin','127.0.0.1','å†…ç½‘IP','Chrome','Mac OS X','0','ç™»å½•æˆåŠŸ','2019-12-21 08:30:56'),(214,'admin','127.0.0.1','å†…ç½‘IP','Chrome','Mac OS X','0','é€€å‡ºæˆåŠŸ','2019-12-21 08:32:31'),(215,'admin','127.0.0.1','å†…ç½‘IP','Chrome','Mac OS X','0','ç™»å½•æˆåŠŸ','2019-12-21 08:32:34'),(216,'admin','127.0.0.1','å†…ç½‘IP','Chrome','Mac OS X','1','éªŒè¯ç é”™è¯¯','2019-12-21 08:58:00'),(217,'admin','127.0.0.1','å†…ç½‘IP','Chrome','Mac OS X','0','ç™»å½•æˆåŠŸ','2019-12-21 08:58:05'),(218,'admin','127.0.0.1','å†…ç½‘IP','Chrome','Mac OS X','0','ç™»å½•æˆåŠŸ','2019-12-21 10:17:54'),(219,'admin','127.0.0.1','å†…ç½‘IP','Chrome','Mac OS X','0','ç™»å½•æˆåŠŸ','2019-12-21 10:53:47'),(220,'admin','127.0.0.1','å†…ç½‘IP','Chrome','Mac OS X','0','ç™»å½•æˆåŠŸ','2019-12-21 11:14:56'),(221,'user','127.0.0.1','å†…ç½‘IP','Firefox 7','Mac OS X','0','ç™»å½•æˆåŠŸ','2019-12-21 11:32:40'),(222,'user','127.0.0.1','å†…ç½‘IP','Firefox 7','Mac OS X','0','ç™»å½•æˆåŠŸ','2019-12-21 12:38:22'),(223,'admin','127.0.0.1','å†…ç½‘IP','Chrome','Mac OS X','0','ç™»å½•æˆåŠŸ','2019-12-21 16:12:01'),(224,'admin','127.0.0.1','å†…ç½‘IP','Chrome','Mac OS X','0','é€€å‡ºæˆåŠŸ','2019-12-21 16:14:19'),(225,'admin','127.0.0.1','å†…ç½‘IP','Firefox 7','Mac OS X','0','ç™»å½•æˆåŠŸ','2019-12-21 16:14:29'),(226,'user','127.0.0.1','å†…ç½‘IP','Chrome','Mac OS X','0','ç™»å½•æˆåŠŸ','2019-12-21 16:14:39'),(227,'user','127.0.0.1','å†…ç½‘IP','Chrome','Mac OS X','0','ç™»å½•æˆåŠŸ','2019-12-21 17:47:32'),(228,'admin','127.0.0.1','å†…ç½‘IP','Firefox 7','Mac OS X','0','ç™»å½•æˆåŠŸ','2019-12-21 17:52:17'),(229,'admin','127.0.0.1','å†…ç½‘IP','Firefox 7','Mac OS X','0','ç™»å½•æˆåŠŸ','2019-12-21 19:14:11'),(230,'admin','127.0.0.1','å†…ç½‘IP','Chrome','Mac OS X','0','ç™»å½•æˆåŠŸ','2019-12-21 19:29:52'),(231,'admin','127.0.0.1','å†…ç½‘IP','Chrome','Mac OS X','0','ç™»å½•æˆåŠŸ','2019-12-21 19:36:17'),(232,'user','127.0.0.1','å†…ç½‘IP','Firefox 7','Mac OS X','0','ç™»å½•æˆåŠŸ','2019-12-21 19:36:39'),(233,'admin','127.0.0.1','å†…ç½‘IP','Chrome 8','Windows 10','0','ç™»å½•æˆåŠŸ','2020-02-17 14:18:15'),(234,'admin','127.0.0.1','å†…ç½‘IP','Chrome 8','Windows 10','0','é€€å‡ºæˆåŠŸ','2020-02-17 14:18:59'),(235,'ry','127.0.0.1','å†…ç½‘IP','Chrome 8','Windows 10','0','ç™»å½•æˆåŠŸ','2020-02-17 14:19:07'),(236,'admin','127.0.0.1','å†…ç½‘IP','Chrome 8','Windows 10','0','ç™»å½•æˆåŠŸ','2020-02-17 15:32:13'),(237,'admin','127.0.0.1','å†…ç½‘IP','Chrome 8','Windows 10','0','é€€å‡ºæˆåŠŸ','2020-02-17 15:33:40'),(238,'ry','127.0.0.1','å†…ç½‘IP','Chrome 8','Windows 10','0','ç™»å½•æˆåŠŸ','2020-02-17 15:33:50');
/*!40000 ALTER TABLE `sys_logininfor` ENABLE KEYS */;
UNLOCK TABLES;

--
-- Table structure for table `sys_menu`
--

DROP TABLE IF EXISTS `sys_menu`;
/*!40101 SET @saved_cs_client     = @@character_set_client */;
/*!50503 SET character_set_client = utf8mb4 */;
CREATE TABLE `sys_menu` (
  `menu_id` bigint(20) NOT NULL AUTO_INCREMENT COMMENT 'èœå•ID',
  `menu_name` varchar(50) NOT NULL COMMENT 'èœå•åç§°',
  `parent_id` bigint(20) DEFAULT '0' COMMENT 'çˆ¶èœå•ID',
  `order_num` int(4) DEFAULT '0' COMMENT 'æ˜¾ç¤ºé¡ºåº',
  `url` varchar(200) DEFAULT '#' COMMENT 'è¯·æ±‚åœ°å€',
  `target` varchar(20) DEFAULT '' COMMENT 'æ‰“å¼€æ–¹å¼ï¼ˆmenuItemé¡µç­¾ menuBlankæ–°çª—å£ï¼‰',
  `menu_type` char(1) DEFAULT '' COMMENT 'èœå•ç±»å‹ï¼ˆMç›®å½• Cèœå• FæŒ‰é’®ï¼‰',
  `visible` char(1) DEFAULT '0' COMMENT 'èœå•çŠ¶æ€ï¼ˆ0æ˜¾ç¤º 1éšè—ï¼‰',
  `perms` varchar(100) DEFAULT NULL COMMENT 'æƒé™æ ‡è¯†',
  `icon` varchar(100) DEFAULT '#' COMMENT 'èœå•å›¾æ ‡',
  `create_by` varchar(64) DEFAULT '' COMMENT 'åˆ›å»ºè€…',
  `create_time` datetime DEFAULT NULL COMMENT 'åˆ›å»ºæ—¶é—´',
  `update_by` varchar(64) DEFAULT '' COMMENT 'æ›´æ–°è€…',
  `update_time` datetime DEFAULT NULL COMMENT 'æ›´æ–°æ—¶é—´',
  `remark` varchar(500) DEFAULT '' COMMENT 'å¤‡æ³¨',
  PRIMARY KEY (`menu_id`)
) ENGINE=InnoDB AUTO_INCREMENT=2016 DEFAULT CHARSET=utf8mb4 COLLATE=utf8mb4_0900_ai_ci COMMENT='èœå•æƒé™è¡¨';
/*!40101 SET character_set_client = @saved_cs_client */;

--
-- Dumping data for table `sys_menu`
--

LOCK TABLES `sys_menu` WRITE;
/*!40000 ALTER TABLE `sys_menu` DISABLE KEYS */;
INSERT INTO `sys_menu` VALUES (1,'ç³»ç»Ÿç®¡ç†',0,1,'#','','M','0','','fa fa-gear','admin','2018-03-16 11:33:00','ry','2018-03-16 11:33:00','ç³»ç»Ÿç®¡ç†ç›®å½•'),(2,'ç³»ç»Ÿç›‘æ§',0,2,'#','','M','0','','fa fa-video-camera','admin','2018-03-16 11:33:00','ry','2018-03-16 11:33:00','ç³»ç»Ÿç›‘æ§ç›®å½•'),(3,'ç³»ç»Ÿå·¥å…·',0,3,'#','','M','0','','fa fa-bars','admin','2018-03-16 11:33:00','ry','2018-03-16 11:33:00','ç³»ç»Ÿå·¥å…·ç›®å½•'),(100,'ç”¨æˆ·ç®¡ç†',1,2,'/system/user','menuItem','C','0','system:user:view','#','admin','2018-03-16 11:33:00','admin','2019-12-16 13:32:28','ç”¨æˆ·ç®¡ç†èœå•'),(101,'è§’è‰²ç®¡ç†',1,3,'/system/role','menuItem','C','0','system:role:view','#','admin','2018-03-16 11:33:00','admin','2019-12-19 10:59:40','è§’è‰²ç®¡ç†èœå•'),(102,'èœå•ç®¡ç†',1,3,'/system/menu','','C','0','system:menu:view','#','admin','2018-03-16 11:33:00','ry','2018-03-16 11:33:00','èœå•ç®¡ç†èœå•'),(103,'éƒ¨é—¨ç®¡ç†',1,4,'/system/dept','menuItem','C','1','system:dept:view','#','admin','2018-03-16 11:33:00','admin','2019-12-19 15:42:04','éƒ¨é—¨ç®¡ç†èœå•'),(104,'å²—ä½ç®¡ç†',1,5,'/system/post','menuItem','C','1','system:post:view','#','admin','2018-03-16 11:33:00','admin','2019-12-19 15:41:56','å²—ä½ç®¡ç†èœå•'),(105,'å­—å…¸ç®¡ç†',1,6,'/system/dict','','C','0','system:dict:view','#','admin','2018-03-16 11:33:00','ry','2018-03-16 11:33:00','å­—å…¸ç®¡ç†èœå•'),(106,'å‚æ•°è®¾ç½®',1,7,'/system/config','menuItem','C','1','system:config:view','#','admin','2018-03-16 11:33:00','admin','2019-12-19 15:41:30','å‚æ•°è®¾ç½®èœå•'),(107,'é€šçŸ¥å…¬å‘Š',1,8,'/system/notice','menuItem','C','1','system:notice:view','#','admin','2018-03-16 11:33:00','admin','2019-12-19 15:41:40','é€šçŸ¥å…¬å‘Šèœå•'),(108,'æ—¥å¿—ç®¡ç†',1,9,'#','','M','0','','#','admin','2018-03-16 11:33:00','ry','2018-03-16 11:33:00','æ—¥å¿—ç®¡ç†èœå•'),(109,'åœ¨çº¿ç”¨æˆ·',2,1,'/monitor/online','','C','0','monitor:online:view','#','admin','2018-03-16 11:33:00','ry','2018-03-16 11:33:00','åœ¨çº¿ç”¨æˆ·èœå•'),(110,'å®šæ—¶ä»»åŠ¡',2,2,'/monitor/job','','C','0','monitor:job:view','#','admin','2018-03-16 11:33:00','ry','2018-03-16 11:33:00','å®šæ—¶ä»»åŠ¡èœå•'),(111,'æ•°æ®ç›‘æ§',2,3,'/monitor/data','','C','0','monitor:data:view','#','admin','2018-03-16 11:33:00','ry','2018-03-16 11:33:00','æ•°æ®ç›‘æ§èœå•'),(112,'æœåŠ¡ç›‘æ§',2,3,'/monitor/server','','C','0','monitor:server:view','#','admin','2018-03-16 11:33:00','ry','2018-03-16 11:33:00','æœåŠ¡ç›‘æ§èœå•'),(113,'è¡¨å•æ„å»º',3,1,'/tool/build','','C','0','tool:build:view','#','admin','2018-03-16 11:33:00','ry','2018-03-16 11:33:00','è¡¨å•æ„å»ºèœå•'),(114,'ä»£ç ç”Ÿæˆ',3,2,'/tool/gen','','C','0','tool:gen:view','#','admin','2018-03-16 11:33:00','ry','2018-03-16 11:33:00','ä»£ç ç”Ÿæˆèœå•'),(115,'ç³»ç»Ÿæ¥å£',3,3,'/tool/swagger','','C','0','tool:swagger:view','#','admin','2018-03-16 11:33:00','ry','2018-03-16 11:33:00','ç³»ç»Ÿæ¥å£èœå•'),(500,'æ“ä½œæ—¥å¿—',108,1,'/monitor/operlog','','C','0','monitor:operlog:view','#','admin','2018-03-16 11:33:00','ry','2018-03-16 11:33:00','æ“ä½œæ—¥å¿—èœå•'),(501,'ç™»å½•æ—¥å¿—',108,2,'/monitor/logininfor','','C','0','monitor:logininfor:view','#','admin','2018-03-16 11:33:00','ry','2018-03-16 11:33:00','ç™»å½•æ—¥å¿—èœå•'),(1000,'ç”¨æˆ·æŸ¥è¯¢',100,1,'#','','F','0','system:user:list','#','admin','2018-03-16 11:33:00','ry','2018-03-16 11:33:00',''),(1001,'ç”¨æˆ·æ–°å¢',100,2,'#','','F','0','system:user:add','#','admin','2018-03-16 11:33:00','ry','2018-03-16 11:33:00',''),(1002,'ç”¨æˆ·ä¿®æ”¹',100,3,'#','','F','0','system:user:edit','#','admin','2018-03-16 11:33:00','ry','2018-03-16 11:33:00',''),(1003,'ç”¨æˆ·åˆ é™¤',100,4,'#','','F','0','system:user:remove','#','admin','2018-03-16 11:33:00','ry','2018-03-16 11:33:00',''),(1004,'ç”¨æˆ·å¯¼å‡º',100,5,'#','','F','0','system:user:export','#','admin','2018-03-16 11:33:00','ry','2018-03-16 11:33:00',''),(1005,'ç”¨æˆ·å¯¼å…¥',100,6,'#','','F','0','system:user:import','#','admin','2018-03-16 11:33:00','ry','2018-03-16 11:33:00',''),(1006,'é‡ç½®å¯†ç ',100,7,'#','','F','0','system:user:resetPwd','#','admin','2018-03-16 11:33:00','ry','2018-03-16 11:33:00',''),(1007,'è§’è‰²æŸ¥è¯¢',101,1,'#','','F','0','system:role:list','#','admin','2018-03-16 11:33:00','ry','2018-03-16 11:33:00',''),(1008,'è§’è‰²æ–°å¢',101,2,'#','','F','0','system:role:add','#','admin','2018-03-16 11:33:00','ry','2018-03-16 11:33:00',''),(1009,'è§’è‰²ä¿®æ”¹',101,3,'#','','F','0','system:role:edit','#','admin','2018-03-16 11:33:00','ry','2018-03-16 11:33:00',''),(1010,'è§’è‰²åˆ é™¤',101,4,'#','','F','0','system:role:remove','#','admin','2018-03-16 11:33:00','ry','2018-03-16 11:33:00',''),(1011,'è§’è‰²å¯¼å‡º',101,5,'#','','F','0','system:role:export','#','admin','2018-03-16 11:33:00','ry','2018-03-16 11:33:00',''),(1012,'èœå•æŸ¥è¯¢',102,1,'#','','F','0','system:menu:list','#','admin','2018-03-16 11:33:00','ry','2018-03-16 11:33:00',''),(1013,'èœå•æ–°å¢',102,2,'#','','F','0','system:menu:add','#','admin','2018-03-16 11:33:00','ry','2018-03-16 11:33:00',''),(1014,'èœå•ä¿®æ”¹',102,3,'#','','F','0','system:menu:edit','#','admin','2018-03-16 11:33:00','ry','2018-03-16 11:33:00',''),(1015,'èœå•åˆ é™¤',102,4,'#','','F','0','system:menu:remove','#','admin','2018-03-16 11:33:00','ry','2018-03-16 11:33:00',''),(1016,'éƒ¨é—¨æŸ¥è¯¢',103,1,'#','','F','0','system:dept:list','#','admin','2018-03-16 11:33:00','ry','2018-03-16 11:33:00',''),(1017,'éƒ¨é—¨æ–°å¢',103,2,'#','','F','0','system:dept:add','#','admin','2018-03-16 11:33:00','ry','2018-03-16 11:33:00',''),(1018,'éƒ¨é—¨ä¿®æ”¹',103,3,'#','','F','0','system:dept:edit','#','admin','2018-03-16 11:33:00','ry','2018-03-16 11:33:00',''),(1019,'éƒ¨é—¨åˆ é™¤',103,4,'#','','F','0','system:dept:remove','#','admin','2018-03-16 11:33:00','ry','2018-03-16 11:33:00',''),(1020,'å²—ä½æŸ¥è¯¢',104,1,'#','','F','0','system:post:list','#','admin','2018-03-16 11:33:00','ry','2018-03-16 11:33:00',''),(1021,'å²—ä½æ–°å¢',104,2,'#','','F','0','system:post:add','#','admin','2018-03-16 11:33:00','ry','2018-03-16 11:33:00',''),(1022,'å²—ä½ä¿®æ”¹',104,3,'#','','F','0','system:post:edit','#','admin','2018-03-16 11:33:00','ry','2018-03-16 11:33:00',''),(1023,'å²—ä½åˆ é™¤',104,4,'#','','F','0','system:post:remove','#','admin','2018-03-16 11:33:00','ry','2018-03-16 11:33:00',''),(1024,'å²—ä½å¯¼å‡º',104,5,'#','','F','0','system:post:export','#','admin','2018-03-16 11:33:00','ry','2018-03-16 11:33:00',''),(1025,'å­—å…¸æŸ¥è¯¢',105,1,'#','','F','0','system:dict:list','#','admin','2018-03-16 11:33:00','ry','2018-03-16 11:33:00',''),(1026,'å­—å…¸æ–°å¢',105,2,'#','','F','0','system:dict:add','#','admin','2018-03-16 11:33:00','ry','2018-03-16 11:33:00',''),(1027,'å­—å…¸ä¿®æ”¹',105,3,'#','','F','0','system:dict:edit','#','admin','2018-03-16 11:33:00','ry','2018-03-16 11:33:00',''),(1028,'å­—å…¸åˆ é™¤',105,4,'#','','F','0','system:dict:remove','#','admin','2018-03-16 11:33:00','ry','2018-03-16 11:33:00',''),(1029,'å­—å…¸å¯¼å‡º',105,5,'#','','F','0','system:dict:export','#','admin','2018-03-16 11:33:00','ry','2018-03-16 11:33:00',''),(1030,'å‚æ•°æŸ¥è¯¢',106,1,'#','','F','0','system:config:list','#','admin','2018-03-16 11:33:00','ry','2018-03-16 11:33:00',''),(1031,'å‚æ•°æ–°å¢',106,2,'#','','F','0','system:config:add','#','admin','2018-03-16 11:33:00','ry','2018-03-16 11:33:00',''),(1032,'å‚æ•°ä¿®æ”¹',106,3,'#','','F','0','system:config:edit','#','admin','2018-03-16 11:33:00','ry','2018-03-16 11:33:00',''),(1033,'å‚æ•°åˆ é™¤',106,4,'#','','F','0','system:config:remove','#','admin','2018-03-16 11:33:00','ry','2018-03-16 11:33:00',''),(1034,'å‚æ•°å¯¼å‡º',106,5,'#','','F','0','system:config:export','#','admin','2018-03-16 11:33:00','ry','2018-03-16 11:33:00',''),(1035,'å…¬å‘ŠæŸ¥è¯¢',107,1,'#','','F','0','system:notice:list','#','admin','2018-03-16 11:33:00','ry','2018-03-16 11:33:00',''),(1036,'å…¬å‘Šæ–°å¢',107,2,'#','','F','0','system:notice:add','#','admin','2018-03-16 11:33:00','ry','2018-03-16 11:33:00',''),(1037,'å…¬å‘Šä¿®æ”¹',107,3,'#','','F','0','system:notice:edit','#','admin','2018-03-16 11:33:00','ry','2018-03-16 11:33:00',''),(1038,'å…¬å‘Šåˆ é™¤',107,4,'#','','F','0','system:notice:remove','#','admin','2018-03-16 11:33:00','ry','2018-03-16 11:33:00',''),(1039,'æ“ä½œæŸ¥è¯¢',500,1,'#','','F','0','monitor:operlog:list','#','admin','2018-03-16 11:33:00','ry','2018-03-16 11:33:00',''),(1040,'æ“ä½œåˆ é™¤',500,2,'#','','F','0','monitor:operlog:remove','#','admin','2018-03-16 11:33:00','ry','2018-03-16 11:33:00',''),(1041,'è¯¦ç»†ä¿¡æ¯',500,3,'#','','F','0','monitor:operlog:detail','#','admin','2018-03-16 11:33:00','ry','2018-03-16 11:33:00',''),(1042,'æ—¥å¿—å¯¼å‡º',500,4,'#','','F','0','monitor:operlog:export','#','admin','2018-03-16 11:33:00','ry','2018-03-16 11:33:00',''),(1043,'ç™»å½•æŸ¥è¯¢',501,1,'#','','F','0','monitor:logininfor:list','#','admin','2018-03-16 11:33:00','ry','2018-03-16 11:33:00',''),(1044,'ç™»å½•åˆ é™¤',501,2,'#','','F','0','monitor:logininfor:remove','#','admin','2018-03-16 11:33:00','ry','2018-03-16 11:33:00',''),(1045,'æ—¥å¿—å¯¼å‡º',501,3,'#','','F','0','monitor:logininfor:export','#','admin','2018-03-16 11:33:00','ry','2018-03-16 11:33:00',''),(1046,'è´¦æˆ·è§£é”',501,4,'#','','F','0','monitor:logininfor:unlock','#','admin','2018-03-16 11:33:00','ry','2018-03-16 11:33:00',''),(1047,'åœ¨çº¿æŸ¥è¯¢',109,1,'#','','F','0','monitor:online:list','#','admin','2018-03-16 11:33:00','ry','2018-03-16 11:33:00',''),(1048,'æ‰¹é‡å¼ºé€€',109,2,'#','','F','0','monitor:online:batchForceLogout','#','admin','2018-03-16 11:33:00','ry','2018-03-16 11:33:00',''),(1049,'å•æ¡å¼ºé€€',109,3,'#','','F','0','monitor:online:forceLogout','#','admin','2018-03-16 11:33:00','ry','2018-03-16 11:33:00',''),(1050,'ä»»åŠ¡æŸ¥è¯¢',110,1,'#','','F','0','monitor:job:list','#','admin','2018-03-16 11:33:00','ry','2018-03-16 11:33:00',''),(1051,'ä»»åŠ¡æ–°å¢',110,2,'#','','F','0','monitor:job:add','#','admin','2018-03-16 11:33:00','ry','2018-03-16 11:33:00',''),(1052,'ä»»åŠ¡ä¿®æ”¹',110,3,'#','','F','0','monitor:job:edit','#','admin','2018-03-16 11:33:00','ry','2018-03-16 11:33:00',''),(1053,'ä»»åŠ¡åˆ é™¤',110,4,'#','','F','0','monitor:job:remove','#','admin','2018-03-16 11:33:00','ry','2018-03-16 11:33:00',''),(1054,'çŠ¶æ€ä¿®æ”¹',110,5,'#','','F','0','monitor:job:changeStatus','#','admin','2018-03-16 11:33:00','ry','2018-03-16 11:33:00',''),(1055,'ä»»åŠ¡è¯¦ç»†',110,6,'#','','F','0','monitor:job:detail','#','admin','2018-03-16 11:33:00','ry','2018-03-16 11:33:00',''),(1056,'ä»»åŠ¡å¯¼å‡º',110,7,'#','','F','0','monitor:job:export','#','admin','2018-03-16 11:33:00','ry','2018-03-16 11:33:00',''),(1057,'ç”ŸæˆæŸ¥è¯¢',114,1,'#','','F','0','tool:gen:list','#','admin','2018-03-16 11:33:00','ry','2018-03-16 11:33:00',''),(1058,'ç”Ÿæˆä¿®æ”¹',114,2,'#','','F','0','tool:gen:edit','#','admin','2018-03-16 11:33:00','ry','2018-03-16 11:33:00',''),(1059,'ç”Ÿæˆåˆ é™¤',114,3,'#','','F','0','tool:gen:remove','#','admin','2018-03-16 11:33:00','ry','2018-03-16 11:33:00',''),(1060,'é¢„è§ˆä»£ç ',114,4,'#','','F','0','tool:gen:preview','#','admin','2018-03-16 11:33:00','ry','2018-03-16 11:33:00',''),(1061,'ç”Ÿæˆä»£ç ',114,5,'#','','F','0','tool:gen:code','#','admin','2018-03-16 11:33:00','ry','2018-03-16 11:33:00',''),(2000,'å® ç‰©ä¿¡æ¯ç®¡ç†',1,1,'/system/pet','menuItem','C','0','system:pet:view','#','admin','2019-12-16 13:31:51','',NULL,''),(2001,'æ·»åŠ ',2000,1,'#','menuItem','F','0','system:pet:add','#','admin','2019-12-16 13:32:19','',NULL,''),(2002,'ä¿®æ”¹',2000,2,'#','menuItem','F','0','system:pet:edit','#','admin','2019-12-16 13:32:52','',NULL,''),(2003,'åˆ é™¤',2000,3,'#','menuItem','F','0','system:pet:delete','#','admin','2019-12-16 13:33:10','',NULL,''),(2004,'å® ç‰©æŸ¥è¯¢',2000,1,'#','menuItem','F','0','system:pet:list','#','admin','2019-12-16 14:33:06','',NULL,''),(2007,'åŸºç¡€æœåŠ¡',0,1,'#','menuItem','M','0','','fa fa-reorder','admin','2019-12-18 17:13:20','admin','2019-12-19 09:23:30',''),(2008,'å® ç‰©ä¿¡æ¯',2007,1,'/user/pet/petInfo','menuItem','C','0','user:pet:view','#','admin','2019-12-18 17:15:32','',NULL,''),(2009,'å® ç‰©é¢†å…»ç®¡ç†',1,1,'/system/applyAdopt','menuItem','C','0','system:adopt:view','#','admin','2019-12-19 10:59:16','admin','2019-12-19 11:40:12',''),(2010,'ç”³è¯·å¯„å…»',2007,2,'/user/pet/applyfost','menuItem','C','0','user:pet:fost','#','admin','2019-12-20 09:18:18','',NULL,''),(2011,'å® ç‰©å¯„å…»ç®¡ç†',1,1,'/system/applyFost','menuItem','C','0','system:fost:view','#','admin','2019-12-20 11:14:42','admin','2019-12-20 11:14:57',''),(2012,'ç»™é©¿ç«™ç•™è¨€',2007,4,'/user/leaveMsg','menuItem','C','0','user:leaveMsg:view','#','admin','2019-12-20 13:32:17','admin','2019-12-20 14:45:00',''),(2013,'ç•™è¨€ç®¡ç†',1,1,'/system/leaveMsg','menuItem','C','0','system:leaveMsg:view','#','admin','2019-12-20 15:36:03','',NULL,''),(2014,'æèµ ç®¡ç†',1,1,'/system/pet/donate','menuItem','C','0','system:donate:view','#','admin','2019-12-21 09:32:08','',NULL,''),(2015,'æèµ å® ç‰©',2007,4,'/user/pet/donate','menuItem','C','0','user:donate:view','#','admin','2019-12-21 16:13:37','',NULL,'');
/*!40000 ALTER TABLE `sys_menu` ENABLE KEYS */;
UNLOCK TABLES;

--
-- Table structure for table `sys_notice`
--

DROP TABLE IF EXISTS `sys_notice`;
/*!40101 SET @saved_cs_client     = @@character_set_client */;
/*!50503 SET character_set_client = utf8mb4 */;
CREATE TABLE `sys_notice` (
  `notice_id` int(4) NOT NULL AUTO_INCREMENT COMMENT 'å…¬å‘ŠID',
  `notice_title` varchar(50) NOT NULL COMMENT 'å…¬å‘Šæ ‡é¢˜',
  `notice_type` char(1) NOT NULL COMMENT 'å…¬å‘Šç±»å‹ï¼ˆ1é€šçŸ¥ 2å…¬å‘Šï¼‰',
  `notice_content` varchar(2000) DEFAULT NULL COMMENT 'å…¬å‘Šå†…å®¹',
  `status` char(1) DEFAULT '0' COMMENT 'å…¬å‘ŠçŠ¶æ€ï¼ˆ0æ­£å¸¸ 1å…³é—­ï¼‰',
  `create_by` varchar(64) DEFAULT '' COMMENT 'åˆ›å»ºè€…',
  `create_time` datetime DEFAULT NULL COMMENT 'åˆ›å»ºæ—¶é—´',
  `update_by` varchar(64) DEFAULT '' COMMENT 'æ›´æ–°è€…',
  `update_time` datetime DEFAULT NULL COMMENT 'æ›´æ–°æ—¶é—´',
  `remark` varchar(255) DEFAULT NULL COMMENT 'å¤‡æ³¨',
  PRIMARY KEY (`notice_id`)
) ENGINE=InnoDB AUTO_INCREMENT=10 DEFAULT CHARSET=utf8mb4 COLLATE=utf8mb4_0900_ai_ci COMMENT='é€šçŸ¥å…¬å‘Šè¡¨';
/*!40101 SET character_set_client = @saved_cs_client */;

--
-- Dumping data for table `sys_notice`
--

LOCK TABLES `sys_notice` WRITE;
/*!40000 ALTER TABLE `sys_notice` DISABLE KEYS */;
INSERT INTO `sys_notice` VALUES (1,'æ¸©é¦¨æé†’ï¼š2018-07-01 è‹¥ä¾æ–°ç‰ˆæœ¬å‘å¸ƒå•¦','2','æ–°ç‰ˆæœ¬å†…å®¹','0','admin','2018-03-16 11:33:00','ry','2018-03-16 11:33:00','ç®¡ç†å‘˜'),(2,'ç»´æŠ¤é€šçŸ¥ï¼š2018-07-01 è‹¥ä¾ç³»ç»Ÿå‡Œæ™¨ç»´æŠ¤','1','ç»´æŠ¤å†…å®¹','0','admin','2018-03-16 11:33:00','ry','2018-03-16 11:33:00','ç®¡ç†å‘˜');
/*!40000 ALTER TABLE `sys_notice` ENABLE KEYS */;
UNLOCK TABLES;

--
-- Table structure for table `sys_oper_log`
--

DROP TABLE IF EXISTS `sys_oper_log`;
/*!40101 SET @saved_cs_client     = @@character_set_client */;
/*!50503 SET character_set_client = utf8mb4 */;
CREATE TABLE `sys_oper_log` (
  `oper_id` bigint(20) NOT NULL AUTO_INCREMENT COMMENT 'æ—¥å¿—ä¸»é”®',
  `title` varchar(50) DEFAULT '' COMMENT 'æ¨¡å—æ ‡é¢˜',
  `business_type` int(2) DEFAULT '0' COMMENT 'ä¸šåŠ¡ç±»å‹ï¼ˆ0å…¶å®ƒ 1æ–°å¢ 2ä¿®æ”¹ 3åˆ é™¤ï¼‰',
  `method` varchar(100) DEFAULT '' COMMENT 'æ–¹æ³•åç§°',
  `request_method` varchar(10) DEFAULT '' COMMENT 'è¯·æ±‚æ–¹å¼',
  `operator_type` int(1) DEFAULT '0' COMMENT 'æ“ä½œç±»åˆ«ï¼ˆ0å…¶å®ƒ 1åå°ç”¨æˆ· 2æ‰‹æœºç«¯ç”¨æˆ·ï¼‰',
  `oper_name` varchar(50) DEFAULT '' COMMENT 'æ“ä½œäººå‘˜',
  `dept_name` varchar(50) DEFAULT '' COMMENT 'éƒ¨é—¨åç§°',
  `oper_url` varchar(255) DEFAULT '' COMMENT 'è¯·æ±‚URL',
  `oper_ip` varchar(50) DEFAULT '' COMMENT 'ä¸»æœºåœ°å€',
  `oper_location` varchar(255) DEFAULT '' COMMENT 'æ“ä½œåœ°ç‚¹',
  `oper_param` varchar(2000) DEFAULT '' COMMENT 'è¯·æ±‚å‚æ•°',
  `json_result` varchar(2000) DEFAULT '' COMMENT 'è¿”å›å‚æ•°',
  `status` int(1) DEFAULT '0' COMMENT 'æ“ä½œçŠ¶æ€ï¼ˆ0æ­£å¸¸ 1å¼‚å¸¸ï¼‰',
  `error_msg` varchar(2000) DEFAULT '' COMMENT 'é”™è¯¯æ¶ˆæ¯',
  `oper_time` datetime DEFAULT NULL COMMENT 'æ“ä½œæ—¶é—´',
  PRIMARY KEY (`oper_id`)
) ENGINE=InnoDB AUTO_INCREMENT=199 DEFAULT CHARSET=utf8mb4 COLLATE=utf8mb4_0900_ai_ci COMMENT='æ“ä½œæ—¥å¿—è®°å½•';
/*!40101 SET character_set_client = @saved_cs_client */;

--
-- Dumping data for table `sys_oper_log`
--

LOCK TABLES `sys_oper_log` WRITE;
/*!40000 ALTER TABLE `sys_oper_log` DISABLE KEYS */;
INSERT INTO `sys_oper_log` VALUES (100,'èœå•ç®¡ç†',1,'com.ruoyi.web.controller.system.SysMenuController.addSave()','POST',1,'admin','ç ”å‘éƒ¨é—¨','/system/menu/add','127.0.0.1','å†…ç½‘IP','{\n  \"parentId\" : [ \"1\" ],\n  \"menuType\" : [ \"C\" ],\n  \"menuName\" : [ \"å® ç‰©ä¿¡æ¯ç®¡ç†\" ],\n  \"url\" : [ \"/system/pet\" ],\n  \"target\" : [ \"menuItem\" ],\n  \"perms\" : [ \"system:pet:view\" ],\n  \"orderNum\" : [ \"1\" ],\n  \"icon\" : [ \"\" ],\n  \"visible\" : [ \"0\" ]\n}','{\n  \"msg\" : \"æ“ä½œæˆåŠŸ\",\n  \"code\" : 0\n}',0,NULL,'2019-12-16 13:31:51'),(101,'èœå•ç®¡ç†',1,'com.ruoyi.web.controller.system.SysMenuController.addSave()','POST',1,'admin','ç ”å‘éƒ¨é—¨','/system/menu/add','127.0.0.1','å†…ç½‘IP','{\n  \"parentId\" : [ \"2000\" ],\n  \"menuType\" : [ \"F\" ],\n  \"menuName\" : [ \"æ·»åŠ \" ],\n  \"url\" : [ \"\" ],\n  \"target\" : [ \"menuItem\" ],\n  \"perms\" : [ \"system:pet:add\" ],\n  \"orderNum\" : [ \"1\" ],\n  \"icon\" : [ \"\" ],\n  \"visible\" : [ \"0\" ]\n}','{\n  \"msg\" : \"æ“ä½œæˆåŠŸ\",\n  \"code\" : 0\n}',0,NULL,'2019-12-16 13:32:19'),(102,'èœå•ç®¡ç†',2,'com.ruoyi.web.controller.system.SysMenuController.editSave()','POST',1,'admin','ç ”å‘éƒ¨é—¨','/system/menu/edit','127.0.0.1','å†…ç½‘IP','{\n  \"menuId\" : [ \"100\" ],\n  \"parentId\" : [ \"1\" ],\n  \"menuType\" : [ \"C\" ],\n  \"menuName\" : [ \"ç”¨æˆ·ç®¡ç†\" ],\n  \"url\" : [ \"/system/user\" ],\n  \"target\" : [ \"menuItem\" ],\n  \"perms\" : [ \"system:user:view\" ],\n  \"orderNum\" : [ \"2\" ],\n  \"icon\" : [ \"#\" ],\n  \"visible\" : [ \"0\" ]\n}','{\n  \"msg\" : \"æ“ä½œæˆåŠŸ\",\n  \"code\" : 0\n}',0,NULL,'2019-12-16 13:32:28'),(103,'èœå•ç®¡ç†',1,'com.ruoyi.web.controller.system.SysMenuController.addSave()','POST',1,'admin','ç ”å‘éƒ¨é—¨','/system/menu/add','127.0.0.1','å†…ç½‘IP','{\n  \"parentId\" : [ \"2000\" ],\n  \"menuType\" : [ \"F\" ],\n  \"menuName\" : [ \"ä¿®æ”¹\" ],\n  \"url\" : [ \"\" ],\n  \"target\" : [ \"menuItem\" ],\n  \"perms\" : [ \"system:pet:edit\" ],\n  \"orderNum\" : [ \"2\" ],\n  \"icon\" : [ \"\" ],\n  \"visible\" : [ \"0\" ]\n}','{\n  \"msg\" : \"æ“ä½œæˆåŠŸ\",\n  \"code\" : 0\n}',0,NULL,'2019-12-16 13:32:52'),(104,'èœå•ç®¡ç†',1,'com.ruoyi.web.controller.system.SysMenuController.addSave()','POST',1,'admin','ç ”å‘éƒ¨é—¨','/system/menu/add','127.0.0.1','å†…ç½‘IP','{\n  \"parentId\" : [ \"2000\" ],\n  \"menuType\" : [ \"F\" ],\n  \"menuName\" : [ \"åˆ é™¤\" ],\n  \"url\" : [ \"\" ],\n  \"target\" : [ \"menuItem\" ],\n  \"perms\" : [ \"system:pet:delete\" ],\n  \"orderNum\" : [ \"3\" ],\n  \"icon\" : [ \"\" ],\n  \"visible\" : [ \"0\" ]\n}','{\n  \"msg\" : \"æ“ä½œæˆåŠŸ\",\n  \"code\" : 0\n}',0,NULL,'2019-12-16 13:33:10'),(105,'èœå•ç®¡ç†',1,'com.ruoyi.web.controller.system.SysMenuController.addSave()','POST',1,'admin','ç ”å‘éƒ¨é—¨','/system/menu/add','127.0.0.1','å†…ç½‘IP','{\n  \"parentId\" : [ \"2000\" ],\n  \"menuType\" : [ \"F\" ],\n  \"menuName\" : [ \"å® ç‰©æŸ¥è¯¢\" ],\n  \"url\" : [ \"\" ],\n  \"target\" : [ \"menuItem\" ],\n  \"perms\" : [ \"system:pet:list\" ],\n  \"orderNum\" : [ \"1\" ],\n  \"icon\" : [ \"\" ],\n  \"visible\" : [ \"0\" ]\n}','{\n  \"msg\" : \"æ“ä½œæˆåŠŸ\",\n  \"code\" : 0\n}',0,NULL,'2019-12-16 14:33:06'),(106,'å® ç‰©ç®¡ç†',1,'com.ruoyi.web.controller.system.SysPetController.addSave()','POST',1,'admin','ç ”å‘éƒ¨é—¨','/system/pet/add','127.0.0.1','å†…ç½‘IP','{\n  \"fileName\" : [ \"undefined\" ]\n}','{\n  \"msg\" : \"æ“ä½œæˆåŠŸ\",\n  \"code\" : 0\n}',0,NULL,'2019-12-17 13:48:17'),(107,'å® ç‰©ç®¡ç†',1,'com.ruoyi.web.controller.system.SysPetController.addSave()','POST',1,'admin','ç ”å‘éƒ¨é—¨','/system/pet/add','127.0.0.1','å†…ç½‘IP','{\n  \"name\" : [ \"ff\" ],\n  \"type\" : [ \"ww\" ],\n  \"sex\" : [ \"1\" ],\n  \"fostStatu\" : [ \"1\" ],\n  \"remark\" : [ \"ww\" ],\n  \"fileName\" : [ \"undefined\" ]\n}','{\n  \"msg\" : \"æ“ä½œæˆåŠŸ\",\n  \"code\" : 0\n}',0,NULL,'2019-12-17 14:11:12'),(108,'å® ç‰©ç®¡ç†',1,'com.ruoyi.web.controller.system.SysPetController.addSave()','POST',1,'admin','ç ”å‘éƒ¨é—¨','/system/pet/add','127.0.0.1','å†…ç½‘IP','{\n  \"name\" : [ \"ff\" ],\n  \"type\" : [ \"ww\" ],\n  \"sex\" : [ \"1\" ],\n  \"fostStatu\" : [ \"1\" ],\n  \"remark\" : [ \"2\" ],\n  \"fileName\" : [ \"undefined\" ]\n}','null',1,'\n### Error updating database.  Cause: java.sql.SQLException: Data truncated for column \'id\' at row 1\n### The error may involve com.ruoyi.system.mapper.SysPetMapper.savePet-Inline\n### The error occurred while setting parameters\n### SQL: INSERT INTO  sys_pet  VALUES(REPLACE(UUID(), \'-\', \'\'),?,?,?,?,?,?,?,?,?,?,?,?)\n### Cause: java.sql.SQLException: Data truncated for column \'id\' at row 1\n; Data truncated for column \'id\' at row 1; nested exception is java.sql.SQLException: Data truncated for column \'id\' at row 1','2019-12-17 14:28:17'),(109,'å® ç‰©ç®¡ç†',1,'com.ruoyi.web.controller.system.SysPetController.addSave()','POST',1,'admin','ç ”å‘éƒ¨é—¨','/system/pet/add','127.0.0.1','å†…ç½‘IP','{\n  \"name\" : [ \"w\" ],\n  \"type\" : [ \"ww\" ],\n  \"sex\" : [ \"1\" ],\n  \"fostStatu\" : [ \"1\" ],\n  \"remark\" : [ \"w\" ],\n  \"fileName\" : [ \"undefined\" ]\n}','{\n  \"msg\" : \"æ“ä½œæˆåŠŸ\",\n  \"code\" : 0\n}',0,NULL,'2019-12-17 14:29:51'),(110,'å® ç‰©ç®¡ç†',1,'com.ruoyi.web.controller.system.SysPetController.addSave()','POST',1,'admin','ç ”å‘éƒ¨é—¨','/system/pet/add','127.0.0.1','å†…ç½‘IP','{\n  \"name\" : [ \"w2\" ],\n  \"type\" : [ \"ww\" ],\n  \"sex\" : [ \"1\" ],\n  \"fostStatu\" : [ \"1\" ],\n  \"remark\" : [ \"2312\" ],\n  \"fileName\" : [ \"undefined\" ]\n}','null',1,'\n### Error updating database.  Cause: java.sql.SQLException: Column count doesn\'t match value count at row 1\n### The error may involve com.ruoyi.system.mapper.SysPetMapper.savePet-Inline\n### The error occurred while setting parameters\n### SQL: INSERT INTO  sys_pet  VALUES(REPLACE(UUID(), \'-\', \'\'),?,?,?,?,?,?,?,?,?,?,?,?)\n### Cause: java.sql.SQLException: Column count doesn\'t match value count at row 1\n; bad SQL grammar []; nested exception is java.sql.SQLException: Column count doesn\'t match value count at row 1','2019-12-17 15:50:25'),(111,'å® ç‰©ç®¡ç†',1,'com.ruoyi.web.controller.system.SysPetController.addSave()','POST',1,'admin','ç ”å‘éƒ¨é—¨','/system/pet/add','127.0.0.1','å†…ç½‘IP','{\n  \"name\" : [ \"2\" ],\n  \"type\" : [ \"ww\" ],\n  \"sex\" : [ \"1\" ],\n  \"fostStatu\" : [ \"1\" ],\n  \"remark\" : [ \"sd\" ],\n  \"fileName\" : [ \"undefined\" ]\n}','{\n  \"msg\" : \"æ“ä½œæˆåŠŸ\",\n  \"code\" : 0\n}',0,NULL,'2019-12-17 15:54:03'),(112,'å® ç‰©ç®¡ç†',1,'com.ruoyi.web.controller.system.SysPetController.remove()','POST',1,'admin','ç ”å‘éƒ¨é—¨','/system/pet/remove','127.0.0.1','å†…ç½‘IP','{\n  \"ids\" : [ \"2,w\" ]\n}','{\n  \"msg\" : \"æ“ä½œå¤±è´¥\",\n  \"code\" : 500\n}',0,NULL,'2019-12-17 16:17:56'),(113,'å® ç‰©ç®¡ç†',1,'com.ruoyi.web.controller.system.SysPetController.remove()','POST',1,'admin','ç ”å‘éƒ¨é—¨','/system/pet/remove','127.0.0.1','å†…ç½‘IP','{\n  \"ids\" : [ \"2,é˜¿æ‹‰æ–¯åŠ çŠ¬\" ]\n}','{\n  \"msg\" : \"nested exception is org.apache.ibatis.reflection.ReflectionException: There is no getter for property named \'array\' in \'class java.lang.String\'\",\n  \"code\" : 500\n}',0,NULL,'2019-12-17 16:25:35'),(114,'å® ç‰©ç®¡ç†',1,'com.ruoyi.web.controller.system.SysPetController.addSave()','POST',1,'admin','ç ”å‘éƒ¨é—¨','/system/pet/add','127.0.0.1','å†…ç½‘IP','{\n  \"name\" : [ \"ff\" ],\n  \"type\" : [ \"ww\" ],\n  \"sex\" : [ \"1\" ],\n  \"fostStatu\" : [ \"1\" ],\n  \"remark\" : [ \"w\" ],\n  \"fileName\" : [ \"undefined\" ]\n}','{\n  \"msg\" : \"æ“ä½œæˆåŠŸ\",\n  \"code\" : 0\n}',0,NULL,'2019-12-17 16:29:13'),(115,'å® ç‰©ç®¡ç†',1,'com.ruoyi.web.controller.system.SysPetController.remove()','POST',1,'admin','ç ”å‘éƒ¨é—¨','/system/pet/remove','127.0.0.1','å†…ç½‘IP','{\n  \"ids\" : [ \"ff,2\" ]\n}','{\n  \"msg\" : \"nested exception is org.apache.ibatis.reflection.ReflectionException: There is no getter for property named \'ids\' in \'class java.lang.String\'\",\n  \"code\" : 500\n}',0,NULL,'2019-12-17 16:29:20'),(116,'å® ç‰©ç®¡ç†',1,'com.ruoyi.web.controller.system.SysPetController.remove()','POST',1,'admin','ç ”å‘éƒ¨é—¨','/system/pet/remove','127.0.0.1','å†…ç½‘IP','{\n  \"ids\" : [ \"ff,2\" ]\n}','{\n  \"msg\" : \"nested exception is org.apache.ibatis.reflection.ReflectionException: There is no getter for property named \'String\' in \'class java.lang.String\'\",\n  \"code\" : 500\n}',0,NULL,'2019-12-17 16:31:02'),(117,'å® ç‰©ç®¡ç†',1,'com.ruoyi.web.controller.system.SysPetController.remove()','POST',1,'admin','ç ”å‘éƒ¨é—¨','/system/pet/remove','127.0.0.1','å†…ç½‘IP','{\n  \"ids\" : [ \"ff\" ]\n}','{\n  \"msg\" : \"nested exception is org.apache.ibatis.binding.BindingException: Parameter \'ids\' not found. Available parameters are [array]\",\n  \"code\" : 500\n}',0,NULL,'2019-12-17 16:38:13'),(118,'èœå•ç®¡ç†',3,'com.ruoyi.web.controller.system.SysMenuController.remove()','GET',1,'admin','ç ”å‘éƒ¨é—¨','/system/menu/remove/106','127.0.0.1','å†…ç½‘IP','{ }','{\n  \"msg\" : \"å­˜åœ¨å­èœå•,ä¸å…è®¸åˆ é™¤\",\n  \"code\" : 301\n}',0,NULL,'2019-12-17 16:40:27'),(119,'å²—ä½ç®¡ç†',3,'com.ruoyi.web.controller.system.SysPostController.remove()','POST',1,'admin','ç ”å‘éƒ¨é—¨','/system/post/remove','127.0.0.1','å†…ç½‘IP','{\n  \"ids\" : [ \"3\" ]\n}','{\n  \"msg\" : \"æ“ä½œæˆåŠŸ\",\n  \"code\" : 0\n}',0,NULL,'2019-12-17 16:41:03'),(120,'å® ç‰©ç®¡ç†',1,'com.ruoyi.web.controller.system.SysPetController.remove()','POST',1,'admin','ç ”å‘éƒ¨é—¨','/system/pet/remove','127.0.0.1','å†…ç½‘IP','{\n  \"ids\" : [ \"ff\" ]\n}','{\n  \"msg\" : \"æ“ä½œå¤±è´¥\",\n  \"code\" : 500\n}',0,NULL,'2019-12-17 16:45:47'),(121,'å® ç‰©ç®¡ç†',1,'com.ruoyi.web.controller.system.SysPetController.remove()','POST',1,'admin','ç ”å‘éƒ¨é—¨','/system/pet/remove','127.0.0.1','å†…ç½‘IP','{\n  \"ids\" : [ \"ff\" ]\n}','{\n  \"msg\" : \"æ“ä½œå¤±è´¥\",\n  \"code\" : 500\n}',0,NULL,'2019-12-17 16:48:24'),(122,'å® ç‰©ç®¡ç†',1,'com.ruoyi.web.controller.system.SysPetController.remove()','POST',1,'admin','ç ”å‘éƒ¨é—¨','/system/pet/remove','127.0.0.1','å†…ç½‘IP','{\n  \"ids\" : [ \"4e1c7b2020a711ea972d02c5d9ef22d8\" ]\n}','{\n  \"msg\" : \"æ“ä½œæˆåŠŸ\",\n  \"code\" : 0\n}',0,NULL,'2019-12-17 16:50:16'),(123,'å® ç‰©ç®¡ç†',1,'com.ruoyi.web.controller.system.SysPetController.remove()','POST',1,'admin','ç ”å‘éƒ¨é—¨','/system/pet/remove','127.0.0.1','å†…ç½‘IP','{\n  \"ids\" : [ \"a140cb5a209611ea972d02c5d9ef22d8\" ]\n}','{\n  \"msg\" : \"æ“ä½œæˆåŠŸ\",\n  \"code\" : 0\n}',0,NULL,'2019-12-17 16:50:22'),(124,'å® ç‰©ç®¡ç†',1,'com.ruoyi.web.controller.system.SysPetController.remove()','POST',1,'admin','ç ”å‘éƒ¨é—¨','/system/pet/remove','127.0.0.1','å†…ç½‘IP','{\n  \"ids\" : [ \"64ddcd0020a211ea972d02c5d9ef22d8\" ]\n}','{\n  \"msg\" : \"æ“ä½œæˆåŠŸ\",\n  \"code\" : 0\n}',0,NULL,'2019-12-17 16:58:54'),(125,'å­—å…¸ç±»å‹',1,'com.ruoyi.web.controller.system.SysDictTypeController.addSave()','POST',1,'admin','ç ”å‘éƒ¨é—¨','/system/dict/add','127.0.0.1','å†…ç½‘IP','{\n  \"dictName\" : [ \"å® ç‰©æ€§åˆ«\" ],\n  \"dictType\" : [ \"sys_pet_sex\" ],\n  \"status\" : [ \"0\" ],\n  \"remark\" : [ \"å® ç‰©æ€§åˆ«åˆ—è¡¨\" ]\n}','{\n  \"msg\" : \"æ“ä½œæˆåŠŸ\",\n  \"code\" : 0\n}',0,NULL,'2019-12-18 10:52:15'),(126,'å­—å…¸æ•°æ®',2,'com.ruoyi.web.controller.system.SysDictDataController.editSave()','POST',1,'admin','ç ”å‘éƒ¨é—¨','/system/dict/data/edit','127.0.0.1','å†…ç½‘IP','{\n  \"dictCode\" : [ \"30\" ],\n  \"dictLabel\" : [ \"é›Œæ€§\" ],\n  \"dictValue\" : [ \"1\" ],\n  \"dictType\" : [ \"sys_pet_sex\" ],\n  \"cssClass\" : [ \"\" ],\n  \"dictSort\" : [ \"1\" ],\n  \"listClass\" : [ \"\" ],\n  \"isDefault\" : [ \"N\" ],\n  \"status\" : [ \"0\" ],\n  \"remark\" : [ \"æ€§åˆ«é›Œæ€§\" ]\n}','{\n  \"msg\" : \"æ“ä½œæˆåŠŸ\",\n  \"code\" : 0\n}',0,NULL,'2019-12-18 10:53:17'),(127,'å­—å…¸æ•°æ®',2,'com.ruoyi.web.controller.system.SysDictDataController.editSave()','POST',1,'admin','ç ”å‘éƒ¨é—¨','/system/dict/data/edit','127.0.0.1','å†…ç½‘IP','{\n  \"dictCode\" : [ \"29\" ],\n  \"dictLabel\" : [ \"é›„æ€§\" ],\n  \"dictValue\" : [ \"0\" ],\n  \"dictType\" : [ \"sys_pet_sex\" ],\n  \"cssClass\" : [ \"\" ],\n  \"dictSort\" : [ \"2\" ],\n  \"listClass\" : [ \"\" ],\n  \"isDefault\" : [ \"Y\" ],\n  \"status\" : [ \"0\" ],\n  \"remark\" : [ \"æ€§åˆ«é›„æ€§\" ]\n}','{\n  \"msg\" : \"æ“ä½œæˆåŠŸ\",\n  \"code\" : 0\n}',0,NULL,'2019-12-18 10:53:26'),(128,'å­—å…¸ç±»å‹',2,'com.ruoyi.web.controller.system.SysDictTypeController.editSave()','POST',1,'admin','ç ”å‘éƒ¨é—¨','/system/dict/edit','127.0.0.1','å†…ç½‘IP','{\n  \"dictId\" : [ \"100\" ],\n  \"dictName\" : [ \"å® ç‰©ä¿¡æ¯é€‰é¡¹\" ],\n  \"dictType\" : [ \"sys_pet_sex\" ],\n  \"status\" : [ \"0\" ],\n  \"remark\" : [ \"å® ç‰©æ€§åˆ«åˆ—è¡¨\" ]\n}','{\n  \"msg\" : \"æ“ä½œæˆåŠŸ\",\n  \"code\" : 0\n}',0,NULL,'2019-12-18 10:54:01'),(129,'å­—å…¸ç±»å‹',2,'com.ruoyi.web.controller.system.SysDictTypeController.editSave()','POST',1,'admin','ç ”å‘éƒ¨é—¨','/system/dict/edit','127.0.0.1','å†…ç½‘IP','{\n  \"dictId\" : [ \"100\" ],\n  \"dictName\" : [ \"å® ç‰©æ€§åˆ«\" ],\n  \"dictType\" : [ \"sys_pet_sex\" ],\n  \"status\" : [ \"0\" ],\n  \"remark\" : [ \"å® ç‰©æ€§åˆ«åˆ—è¡¨\" ]\n}','{\n  \"msg\" : \"æ“ä½œæˆåŠŸ\",\n  \"code\" : 0\n}',0,NULL,'2019-12-18 10:54:14'),(130,'å­—å…¸ç±»å‹',1,'com.ruoyi.web.controller.system.SysDictTypeController.addSave()','POST',1,'admin','ç ”å‘éƒ¨é—¨','/system/dict/add','127.0.0.1','å†…ç½‘IP','{\n  \"dictName\" : [ \"å® ç‰©å¯„å…»çŠ¶æ€\" ],\n  \"dictType\" : [ \"sys_pet_foststatu\" ],\n  \"status\" : [ \"0\" ],\n  \"remark\" : [ \"å® ç‰©å¯„å…»çŠ¶æ€åˆ—è¡¨\" ]\n}','{\n  \"msg\" : \"æ“ä½œæˆåŠŸ\",\n  \"code\" : 0\n}',0,NULL,'2019-12-18 10:55:08'),(131,'å­—å…¸æ•°æ®',1,'com.ruoyi.web.controller.system.SysDictDataController.addSave()','POST',1,'admin','ç ”å‘éƒ¨é—¨','/system/dict/data/add','127.0.0.1','å†…ç½‘IP','{\n  \"dictLabel\" : [ \"è¿™ä¸æ˜¯å¯„å…»çš„å® ç‰©\" ],\n  \"dictValue\" : [ \"1\" ],\n  \"dictType\" : [ \"sys_pet_foststatu\" ],\n  \"cssClass\" : [ \"\" ],\n  \"dictSort\" : [ \"1\" ],\n  \"listClass\" : [ \"\" ],\n  \"isDefault\" : [ \"Y\" ],\n  \"status\" : [ \"0\" ],\n  \"remark\" : [ \"\" ]\n}','{\n  \"msg\" : \"æ“ä½œæˆåŠŸ\",\n  \"code\" : 0\n}',0,NULL,'2019-12-18 10:55:34'),(132,'å­—å…¸æ•°æ®',1,'com.ruoyi.web.controller.system.SysDictDataController.addSave()','POST',1,'admin','ç ”å‘éƒ¨é—¨','/system/dict/data/add','127.0.0.1','å†…ç½‘IP','{\n  \"dictLabel\" : [ \"è¿™æ˜¯å¯„å…»çš„å® ç‰©\" ],\n  \"dictValue\" : [ \"0\" ],\n  \"dictType\" : [ \"sys_pet_foststatu\" ],\n  \"cssClass\" : [ \"\" ],\n  \"dictSort\" : [ \"2\" ],\n  \"listClass\" : [ \"\" ],\n  \"isDefault\" : [ \"Y\" ],\n  \"status\" : [ \"0\" ],\n  \"remark\" : [ \"\" ]\n}','{\n  \"msg\" : \"æ“ä½œæˆåŠŸ\",\n  \"code\" : 0\n}',0,NULL,'2019-12-18 10:55:45'),(133,'å­—å…¸æ•°æ®',2,'com.ruoyi.web.controller.system.SysDictDataController.editSave()','POST',1,'admin','ç ”å‘éƒ¨é—¨','/system/dict/data/edit','127.0.0.1','å†…ç½‘IP','{\n  \"dictCode\" : [ \"30\" ],\n  \"dictLabel\" : [ \"é›Œæ€§\" ],\n  \"dictValue\" : [ \"0\" ],\n  \"dictType\" : [ \"sys_pet_sex\" ],\n  \"cssClass\" : [ \"\" ],\n  \"dictSort\" : [ \"2\" ],\n  \"listClass\" : [ \"\" ],\n  \"isDefault\" : [ \"N\" ],\n  \"status\" : [ \"0\" ],\n  \"remark\" : [ \"æ€§åˆ«é›Œæ€§\" ]\n}','{\n  \"msg\" : \"æ“ä½œæˆåŠŸ\",\n  \"code\" : 0\n}',0,NULL,'2019-12-18 11:08:50'),(134,'å­—å…¸æ•°æ®',2,'com.ruoyi.web.controller.system.SysDictDataController.editSave()','POST',1,'admin','ç ”å‘éƒ¨é—¨','/system/dict/data/edit','127.0.0.1','å†…ç½‘IP','{\n  \"dictCode\" : [ \"29\" ],\n  \"dictLabel\" : [ \"é›„æ€§\" ],\n  \"dictValue\" : [ \"1\" ],\n  \"dictType\" : [ \"sys_pet_sex\" ],\n  \"cssClass\" : [ \"\" ],\n  \"dictSort\" : [ \"1\" ],\n  \"listClass\" : [ \"\" ],\n  \"isDefault\" : [ \"Y\" ],\n  \"status\" : [ \"0\" ],\n  \"remark\" : [ \"æ€§åˆ«é›„æ€§\" ]\n}','{\n  \"msg\" : \"æ“ä½œæˆåŠŸ\",\n  \"code\" : 0\n}',0,NULL,'2019-12-18 11:08:59'),(135,'å® ç‰©ç®¡ç†',1,'com.ruoyi.web.controller.system.SysPetController.addSave()','POST',1,'admin','ç ”å‘éƒ¨é—¨','/system/pet/add','127.0.0.1','å†…ç½‘IP','{\n  \"name\" : [ \"è¨æ‘©\" ],\n  \"type\" : [ \"é›ªæ©‡çŠ¬\" ],\n  \"sex\" : [ \"1\" ],\n  \"fostStatu\" : [ \"1\" ],\n  \"remark\" : [ \"\" ],\n  \"fileName\" : [ \"undefined\" ]\n}','{\n  \"msg\" : \"æ“ä½œæˆåŠŸ\",\n  \"code\" : 0\n}',0,NULL,'2019-12-18 11:11:57'),(136,'å® ç‰©ç®¡ç†',1,'com.ruoyi.web.controller.system.SysPetController.editSave()','POST',1,'admin','ç ”å‘éƒ¨é—¨','/system/pet/edit','127.0.0.1','å†…ç½‘IP','{\n  \"name\" : [ \"è¨æ‘©\" ],\n  \"type\" : [ \"é›ªæ©‡çŠ¬\" ],\n  \"sex\" : [ \"1\" ],\n  \"fostStatu\" : [ \"1\" ],\n  \"remark\" : [ \"\" ],\n  \"fileName\" : [ \"undefined\" ]\n}','null',1,'\n### Error updating database.  Cause: java.sql.SQLSyntaxErrorException: You have an error in your SQL syntax; check the manual that corresponds to your MySQL server version for the right syntax to use near \'WHERR id=null\' at line 1\n### The error may involve com.ruoyi.system.mapper.SysPetMapper.editPet-Inline\n### The error occurred while setting parameters\n### SQL: UPDATE sys_pet SET  name=?,type=?, adoptStatu=?,fostStatu=?,sex=?,imageUrl=?,updateBy=?,updateTime=?,remark=? WHERR id=?\n### Cause: java.sql.SQLSyntaxErrorException: You have an error in your SQL syntax; check the manual that corresponds to your MySQL server version for the right syntax to use near \'WHERR id=null\' at line 1\n; bad SQL grammar []; nested exception is java.sql.SQLSyntaxErrorException: You have an error in your SQL syntax; check the manual that corresponds to your MySQL server version for the right syntax to use near \'WHERR id=null\' at line 1','2019-12-18 11:46:59'),(137,'å® ç‰©ç®¡ç†',1,'com.ruoyi.web.controller.system.SysPetController.editSave()','POST',1,'admin','ç ”å‘éƒ¨é—¨','/system/pet/edit','127.0.0.1','å†…ç½‘IP','{\n  \"id\" : [ \"26b56306214411eaab5a9a7da1b39bee\" ],\n  \"name\" : [ \"è¨æ‘©\" ],\n  \"type\" : [ \"é›ªæ©‡çŠ¬\" ],\n  \"sex\" : [ \"1\" ],\n  \"fostStatu\" : [ \"1\" ],\n  \"remark\" : [ \"\" ],\n  \"fileName\" : [ \"undefined\" ]\n}','null',1,'\n### Error updating database.  Cause: java.sql.SQLSyntaxErrorException: You have an error in your SQL syntax; check the manual that corresponds to your MySQL server version for the right syntax to use near \'WHERR id=\'26b56306214411eaab5a9a7da1b39bee\'\' at line 1\n### The error may involve com.ruoyi.system.mapper.SysPetMapper.editPet-Inline\n### The error occurred while setting parameters\n### SQL: UPDATE sys_pet SET  name=?,type=?, adoptStatu=?,fostStatu=?,sex=?,imageUrl=?,updateBy=?,updateTime=?,remark=? WHERR id=?\n### Cause: java.sql.SQLSyntaxErrorException: You have an error in your SQL syntax; check the manual that corresponds to your MySQL server version for the right syntax to use near \'WHERR id=\'26b56306214411eaab5a9a7da1b39bee\'\' at line 1\n; bad SQL grammar []; nested exception is java.sql.SQLSyntaxErrorException: You have an error in your SQL syntax; check the manual that corresponds to your MySQL server version for the right syntax to use near \'WHERR id=\'26b56306214411eaab5a9a7da1b39bee\'\' at line 1','2019-12-18 11:54:22'),(138,'å® ç‰©ç®¡ç†',1,'com.ruoyi.web.controller.system.SysPetController.editSave()','POST',1,'admin','ç ”å‘éƒ¨é—¨','/system/pet/edit','127.0.0.1','å†…ç½‘IP','{\n  \"id\" : [ \"26b56306214411eaab5a9a7da1b39bee\" ],\n  \"name\" : [ \"è¨æ‘©\" ],\n  \"type\" : [ \"é›ªæ©‡çŠ¬\" ],\n  \"sex\" : [ \"1\" ],\n  \"fostStatu\" : [ \"1\" ],\n  \"remark\" : [ \"\" ],\n  \"fileName\" : [ \"undefined\" ]\n}','null',1,'\n### Error updating database.  Cause: java.sql.SQLSyntaxErrorException: Unknown column \'updateTime\' in \'field list\'\n### The error may involve com.ruoyi.system.mapper.SysPetMapper.editPet-Inline\n### The error occurred while setting parameters\n### SQL: UPDATE sys_pet SET  name=?,type=?, adoptStatu=?,fostStatu=?,sex=?,imageUrl=?,updateBy=?,updateTime=?,remark=? WHERE id=?\n### Cause: java.sql.SQLSyntaxErrorException: Unknown column \'updateTime\' in \'field list\'\n; bad SQL grammar []; nested exception is java.sql.SQLSyntaxErrorException: Unknown column \'updateTime\' in \'field list\'','2019-12-18 11:57:33'),(139,'å® ç‰©ç®¡ç†',1,'com.ruoyi.web.controller.system.SysPetController.editSave()','POST',1,'admin','ç ”å‘éƒ¨é—¨','/system/pet/edit','127.0.0.1','å†…ç½‘IP','{\n  \"id\" : [ \"26b56306214411eaab5a9a7da1b39bee\" ],\n  \"name\" : [ \"è¨æ‘©\" ],\n  \"type\" : [ \"é›ªæ©‡çŠ¬\" ],\n  \"sex\" : [ \"1\" ],\n  \"fostStatu\" : [ \"1\" ],\n  \"remark\" : [ \"\" ],\n  \"fileName\" : [ \"undefined\" ]\n}','{\n  \"msg\" : \"æ“ä½œæˆåŠŸ\",\n  \"code\" : 0\n}',0,NULL,'2019-12-18 11:58:59'),(140,'ç”¨æˆ·ç®¡ç†',1,'com.ruoyi.web.controller.system.SysUserController.addSave()','POST',1,'admin','ç ”å‘éƒ¨é—¨','/system/user/add','127.0.0.1','å†…ç½‘IP','{\n  \"deptId\" : [ \"105\" ],\n  \"userName\" : [ \"user\" ],\n  \"deptName\" : [ \"æµ‹è¯•éƒ¨é—¨\" ],\n  \"phonenumber\" : [ \"13422212222\" ],\n  \"email\" : [ \"1026320617@qq.com\" ],\n  \"loginName\" : [ \"user\" ],\n  \"password\" : [ \"123456\" ],\n  \"sex\" : [ \"0\" ],\n  \"role\" : [ \"2\" ],\n  \"remark\" : [ \"\" ],\n  \"status\" : [ \"0\" ],\n  \"roleIds\" : [ \"2\" ],\n  \"postIds\" : [ \"4\" ]\n}','{\n  \"msg\" : \"æ“ä½œæˆåŠŸ\",\n  \"code\" : 0\n}',0,NULL,'2019-12-18 13:12:01'),(141,'é‡ç½®å¯†ç ',2,'com.ruoyi.web.controller.system.SysUserController.resetPwd()','GET',1,'admin','ç ”å‘éƒ¨é—¨','/system/user/resetPwd/2','127.0.0.1','å†…ç½‘IP','{ }','\"system/user/resetPwd\"',0,NULL,'2019-12-18 13:12:05'),(142,'é‡ç½®å¯†ç ',2,'com.ruoyi.web.controller.system.SysUserController.resetPwdSave()','POST',1,'admin','ç ”å‘éƒ¨é—¨','/system/user/resetPwd','127.0.0.1','å†…ç½‘IP','{\n  \"userId\" : [ \"2\" ],\n  \"loginName\" : [ \"ry\" ],\n  \"password\" : [ \"123456\" ]\n}','{\n  \"msg\" : \"æ“ä½œæˆåŠŸ\",\n  \"code\" : 0\n}',0,NULL,'2019-12-18 13:12:12'),(143,'è§’è‰²ç®¡ç†',2,'com.ruoyi.web.controller.system.SysRoleController.editSave()','POST',1,'admin','ç ”å‘éƒ¨é—¨','/system/role/edit','127.0.0.1','å†…ç½‘IP','{\n  \"roleId\" : [ \"2\" ],\n  \"roleName\" : [ \"æ™®é€šè§’è‰²\" ],\n  \"roleKey\" : [ \"common\" ],\n  \"roleSort\" : [ \"2\" ],\n  \"status\" : [ \"0\" ],\n  \"remark\" : [ \"æ™®é€šè§’è‰²\" ],\n  \"menuIds\" : [ \"1,2000,2001,2004,2002,2003,2,109,1047,1048,1049,110,1050,1051,1052,1053,1054,1055,1056,111,112,3,113,114,1057,1058,1059,1060,1061,115\" ]\n}','{\n  \"msg\" : \"æ“ä½œæˆåŠŸ\",\n  \"code\" : 0\n}',0,NULL,'2019-12-18 13:15:57'),(144,'è§’è‰²ç®¡ç†',2,'com.ruoyi.web.controller.system.SysRoleController.editSave()','POST',1,'admin','ç ”å‘éƒ¨é—¨','/system/role/edit','127.0.0.1','å†…ç½‘IP','{\n  \"roleId\" : [ \"2\" ],\n  \"roleName\" : [ \"æ™®é€šè§’è‰²\" ],\n  \"roleKey\" : [ \"common\" ],\n  \"roleSort\" : [ \"2\" ],\n  \"status\" : [ \"0\" ],\n  \"remark\" : [ \"æ™®é€šè§’è‰²\" ],\n  \"menuIds\" : [ \"1,2000,2001,2004,2002,2003,2,109,1047,1048,1049,110,1050,1051,1052,1053,1054,1055,1056,111,112,3,113,114,1057,1058,1059,1060,1061,115\" ]\n}','{\n  \"msg\" : \"æ“ä½œæˆåŠŸ\",\n  \"code\" : 0\n}',0,NULL,'2019-12-18 13:16:01'),(145,'è§’è‰²ç®¡ç†',2,'com.ruoyi.web.controller.system.SysRoleController.editSave()','POST',1,'admin','ç ”å‘éƒ¨é—¨','/system/role/edit','127.0.0.1','å†…ç½‘IP','{\n  \"roleId\" : [ \"2\" ],\n  \"roleName\" : [ \"æ™®é€šè§’è‰²\" ],\n  \"roleKey\" : [ \"common\" ],\n  \"roleSort\" : [ \"2\" ],\n  \"status\" : [ \"0\" ],\n  \"remark\" : [ \"æ™®é€šè§’è‰²\" ],\n  \"menuIds\" : [ \"1,2000,2001,2004,2002,2003,108,500,1039,1040,1041,1042,501,1043,1044,1045,1046,2,109,1047,1048,1049,110,1050,1051,1052,1053,1054,1055,1056,111,112,3,113,114,1057,1058,1059,1060,1061,115\" ]\n}','{\n  \"msg\" : \"æ“ä½œæˆåŠŸ\",\n  \"code\" : 0\n}',0,NULL,'2019-12-18 13:17:09'),(146,'èœå•ç®¡ç†',1,'com.ruoyi.web.controller.system.SysMenuController.addSave()','POST',1,'admin','ç ”å‘éƒ¨é—¨','/system/menu/add','127.0.0.1','å†…ç½‘IP','{\n  \"parentId\" : [ \"0\" ],\n  \"menuType\" : [ \"M\" ],\n  \"menuName\" : [ \"å® ç‰©ä¿¡æ¯\" ],\n  \"url\" : [ \"\" ],\n  \"target\" : [ \"menuItem\" ],\n  \"perms\" : [ \"\" ],\n  \"orderNum\" : [ \"1\" ],\n  \"icon\" : [ \"\" ],\n  \"visible\" : [ \"0\" ]\n}','{\n  \"msg\" : \"æ“ä½œæˆåŠŸ\",\n  \"code\" : 0\n}',0,NULL,'2019-12-18 14:02:13'),(147,'èœå•ç®¡ç†',2,'com.ruoyi.web.controller.system.SysMenuController.editSave()','POST',1,'admin','ç ”å‘éƒ¨é—¨','/system/menu/edit','127.0.0.1','å†…ç½‘IP','{\n  \"menuId\" : [ \"2005\" ],\n  \"parentId\" : [ \"0\" ],\n  \"menuType\" : [ \"C\" ],\n  \"menuName\" : [ \"å® ç‰©ä¿¡æ¯\" ],\n  \"url\" : [ \"/user/petInfo\" ],\n  \"target\" : [ \"menuItem\" ],\n  \"perms\" : [ \"\" ],\n  \"orderNum\" : [ \"1\" ],\n  \"icon\" : [ \"#\" ],\n  \"visible\" : [ \"0\" ]\n}','{\n  \"msg\" : \"æ“ä½œæˆåŠŸ\",\n  \"code\" : 0\n}',0,NULL,'2019-12-18 14:03:07'),(148,'è§’è‰²ç®¡ç†',2,'com.ruoyi.web.controller.system.SysRoleController.editSave()','POST',1,'admin','ç ”å‘éƒ¨é—¨','/system/role/edit','127.0.0.1','å†…ç½‘IP','{\n  \"roleId\" : [ \"2\" ],\n  \"roleName\" : [ \"æ™®é€šè§’è‰²\" ],\n  \"roleKey\" : [ \"common\" ],\n  \"roleSort\" : [ \"2\" ],\n  \"status\" : [ \"0\" ],\n  \"remark\" : [ \"æ™®é€šè§’è‰²\" ],\n  \"menuIds\" : [ \"1,2000,2001,2004,2002,2003,108,500,1039,1040,1041,1042,501,1043,1044,1045,1046,2005,2,109,1047,1048,1049,110,1050,1051,1052,1053,1054,1055,1056,111,112,3,113,114,1057,1058,1059,1060,1061,115\" ]\n}','{\n  \"msg\" : \"æ“ä½œæˆåŠŸ\",\n  \"code\" : 0\n}',0,NULL,'2019-12-18 14:03:36'),(149,'è§’è‰²ç®¡ç†',2,'com.ruoyi.web.controller.system.SysRoleController.editSave()','POST',1,'admin','ç ”å‘éƒ¨é—¨','/system/role/edit','127.0.0.1','å†…ç½‘IP','{\n  \"roleId\" : [ \"1\" ],\n  \"roleName\" : [ \"ç®¡ç†å‘˜\" ],\n  \"roleKey\" : [ \"admin\" ],\n  \"roleSort\" : [ \"1\" ],\n  \"status\" : [ \"0\" ],\n  \"remark\" : [ \"ç®¡ç†å‘˜\" ],\n  \"menuIds\" : [ \"1,2000,2001,2004,2002,2003,100,1000,1001,1002,1003,1004,1005,1006,101,1007,1008,1009,1010,1011,102,1012,1013,1014,1015,103,1016,1017,1018,1019,104,1020,1021,1022,1023,1024,105,1025,1026,1027,1028,1029,106,1030,1031,1032,1033,1034,107,1035,1036,1037,1038,108,500,1039,1040,1041,1042,501,1043,1044,1045,1046,2,109,1047,1048,1049,110,1050,1051,1052,1053,1054,1055,1056,111,112,3,113,114,1057,1058,1059,1060,1061,115\" ]\n}','null',1,'ä¸å…è®¸æ“ä½œè¶…çº§ç®¡ç†å‘˜è§’è‰²','2019-12-18 14:03:47'),(150,'è§’è‰²ç®¡ç†',2,'com.ruoyi.web.controller.system.SysRoleController.editSave()','POST',1,'admin','ç ”å‘éƒ¨é—¨','/system/role/edit','127.0.0.1','å†…ç½‘IP','{\n  \"roleId\" : [ \"2\" ],\n  \"roleName\" : [ \"æ™®é€šè§’è‰²\" ],\n  \"roleKey\" : [ \"common\" ],\n  \"roleSort\" : [ \"2\" ],\n  \"status\" : [ \"0\" ],\n  \"remark\" : [ \"æ™®é€šè§’è‰²\" ],\n  \"menuIds\" : [ \"1,2000,2001,2004,2002,2003,108,500,1039,1040,1041,1042,501,1043,1044,1045,1046,2005,2,109,1047,1048,1049,110,1050,1051,1052,1053,1054,1055,1056,111,112,3,113,114,1057,1058,1059,1060,1061,115\" ]\n}','{\n  \"msg\" : \"æ“ä½œæˆåŠŸ\",\n  \"code\" : 0\n}',0,NULL,'2019-12-18 14:03:55'),(151,'è§’è‰²ç®¡ç†',2,'com.ruoyi.web.controller.system.SysRoleController.editSave()','POST',1,'admin','ç ”å‘éƒ¨é—¨','/system/role/edit','127.0.0.1','å†…ç½‘IP','{\n  \"roleId\" : [ \"2\" ],\n  \"roleName\" : [ \"æ™®é€šè§’è‰²\" ],\n  \"roleKey\" : [ \"common\" ],\n  \"roleSort\" : [ \"2\" ],\n  \"status\" : [ \"0\" ],\n  \"remark\" : [ \"æ™®é€šè§’è‰²\" ],\n  \"menuIds\" : [ \"2005\" ]\n}','{\n  \"msg\" : \"æ“ä½œæˆåŠŸ\",\n  \"code\" : 0\n}',0,NULL,'2019-12-18 14:05:05'),(152,'è§’è‰²ç®¡ç†',1,'com.ruoyi.web.controller.system.SysRoleController.addSave()','POST',1,'admin','ç ”å‘éƒ¨é—¨','/system/role/add','127.0.0.1','å†…ç½‘IP','{\n  \"roleName\" : [ \"æ™®é€šç®¡ç†å‘˜\" ],\n  \"roleKey\" : [ \"commonAdmin\" ],\n  \"roleSort\" : [ \"3\" ],\n  \"status\" : [ \"0\" ],\n  \"remark\" : [ \"\" ],\n  \"menuIds\" : [ \"1,2000,2001,2004,2002,2003,100,1000,1001,1002,1003,1004,1005,1006,101,1007,1008,1009,1010,1011,102,1012,1013,1014,1015,103,1016,1017,1018,1019,104,1020,1021,1022,1023,1024,105,1025,1026,1027,1028,1029,106,1030,1031,1032,1033,1034,107,1035,1036,1037,1038,108,500,1039,1040,1041,1042,501,1043,1044,1045,1046,2,109,1047,1048,1049,110,1050,1051,1052,1053,1054,1055,1056,111,112,3,113,114,1057,1058,1059,1060,1061,115\" ]\n}','{\n  \"msg\" : \"æ“ä½œæˆåŠŸ\",\n  \"code\" : 0\n}',0,NULL,'2019-12-18 14:05:57'),(153,'è§’è‰²ç®¡ç†',4,'com.ruoyi.web.controller.system.SysRoleController.selectAuthUserAll()','POST',1,'admin','ç ”å‘éƒ¨é—¨','/system/role/authUser/selectAll','127.0.0.1','å†…ç½‘IP','{\n  \"roleId\" : [ \"100\" ],\n  \"userIds\" : [ \"2\" ]\n}','{\n  \"msg\" : \"æ“ä½œæˆåŠŸ\",\n  \"code\" : 0\n}',0,NULL,'2019-12-18 14:06:17'),(154,'èœå•ç®¡ç†',2,'com.ruoyi.web.controller.system.SysMenuController.editSave()','POST',1,'ry','æµ‹è¯•éƒ¨é—¨','/system/menu/edit','127.0.0.1','å†…ç½‘IP','{\n  \"menuId\" : [ \"2005\" ],\n  \"parentId\" : [ \"0\" ],\n  \"menuType\" : [ \"C\" ],\n  \"menuName\" : [ \"å® ç‰©ä¿¡æ¯\" ],\n  \"url\" : [ \"/user/petInfo\" ],\n  \"target\" : [ \"menuItem\" ],\n  \"perms\" : [ \"common\" ],\n  \"orderNum\" : [ \"1\" ],\n  \"icon\" : [ \"#\" ],\n  \"visible\" : [ \"0\" ]\n}','{\n  \"msg\" : \"æ“ä½œæˆåŠŸ\",\n  \"code\" : 0\n}',0,NULL,'2019-12-18 14:10:50'),(155,'èœå•ç®¡ç†',2,'com.ruoyi.web.controller.system.SysMenuController.editSave()','POST',1,'ry','æµ‹è¯•éƒ¨é—¨','/system/menu/edit','127.0.0.1','å†…ç½‘IP','{\n  \"menuId\" : [ \"2005\" ],\n  \"parentId\" : [ \"0\" ],\n  \"menuType\" : [ \"C\" ],\n  \"menuName\" : [ \"å® ç‰©ä¿¡æ¯\" ],\n  \"url\" : [ \"/user/petInfo\" ],\n  \"target\" : [ \"menuItem\" ],\n  \"perms\" : [ \"user:pet:view\" ],\n  \"orderNum\" : [ \"1\" ],\n  \"icon\" : [ \"#\" ],\n  \"visible\" : [ \"0\" ]\n}','{\n  \"msg\" : \"æ“ä½œæˆåŠŸ\",\n  \"code\" : 0\n}',0,NULL,'2019-12-18 14:12:49'),(156,'è§’è‰²ç®¡ç†',2,'com.ruoyi.web.controller.system.SysRoleController.authDataScopeSave()','POST',1,'ry','æµ‹è¯•éƒ¨é—¨','/system/role/authDataScope','127.0.0.1','å†…ç½‘IP','{\n  \"roleId\" : [ \"100\" ],\n  \"roleName\" : [ \"æ™®é€šç®¡ç†å‘˜\" ],\n  \"roleKey\" : [ \"commonAdmin\" ],\n  \"dataScope\" : [ \"2\" ],\n  \"deptIds\" : [ \"\" ]\n}','{\n  \"msg\" : \"æ“ä½œæˆåŠŸ\",\n  \"code\" : 0\n}',0,NULL,'2019-12-18 14:13:40'),(157,'è§’è‰²ç®¡ç†',2,'com.ruoyi.web.controller.system.SysRoleController.editSave()','POST',1,'ry','æµ‹è¯•éƒ¨é—¨','/system/role/edit','127.0.0.1','å†…ç½‘IP','{\n  \"roleId\" : [ \"100\" ],\n  \"roleName\" : [ \"æ™®é€šç®¡ç†å‘˜\" ],\n  \"roleKey\" : [ \"commonAdmin\" ],\n  \"roleSort\" : [ \"3\" ],\n  \"status\" : [ \"0\" ],\n  \"remark\" : [ \"\" ],\n  \"menuIds\" : [ \"2005,1,2000,2001,2004,2002,2003,101,1007,1008,1009,1010,1011,100,1000,1001,1002,1003,1004,1005,1006,102,1012,1013,1014,1015,103,1016,1017,1018,1019,104,1020,1021,1022,1023,1024,105,1025,1026,1027,1028,1029,106,1030,1031,1032,1033,1034,107,1035,1036,1037,1038,108,500,1039,1040,1041,1042,501,1043,1044,1045,1046,2,109,1047,1048,1049,110,1050,1051,1052,1053,1054,1055,1056,111,112,3,113,114,1057,1058,1059,1060,1061,115\" ]\n}','{\n  \"msg\" : \"æ“ä½œæˆåŠŸ\",\n  \"code\" : 0\n}',0,NULL,'2019-12-18 14:14:00'),(158,'è§’è‰²ç®¡ç†',2,'com.ruoyi.web.controller.system.SysRoleController.editSave()','POST',1,'ry','æµ‹è¯•éƒ¨é—¨','/system/role/edit','127.0.0.1','å†…ç½‘IP','{\n  \"roleId\" : [ \"100\" ],\n  \"roleName\" : [ \"æ™®é€šç®¡ç†å‘˜\" ],\n  \"roleKey\" : [ \"commonAdmin\" ],\n  \"roleSort\" : [ \"3\" ],\n  \"status\" : [ \"0\" ],\n  \"remark\" : [ \"\" ],\n  \"menuIds\" : [ \"1,2000,2001,2004,2002,2003,101,1007,1008,1009,1010,1011,100,1000,1001,1002,1003,1004,1005,1006,102,1012,1013,1014,1015,103,1016,1017,1018,1019,104,1020,1021,1022,1023,1024,105,1025,1026,1027,1028,1029,106,1030,1031,1032,1033,1034,107,1035,1036,1037,1038,108,500,1039,1040,1041,1042,501,1043,1044,1045,1046,2,109,1047,1048,1049,110,1050,1051,1052,1053,1054,1055,1056,111,112,3,113,114,1057,1058,1059,1060,1061,115\" ]\n}','{\n  \"msg\" : \"æ“ä½œæˆåŠŸ\",\n  \"code\" : 0\n}',0,NULL,'2019-12-18 14:14:07'),(159,'èœå•ç®¡ç†',2,'com.ruoyi.web.controller.system.SysMenuController.editSave()','POST',1,'ry','æµ‹è¯•éƒ¨é—¨','/system/menu/edit','127.0.0.1','å†…ç½‘IP','{\n  \"menuId\" : [ \"2005\" ],\n  \"parentId\" : [ \"0\" ],\n  \"menuType\" : [ \"C\" ],\n  \"menuName\" : [ \"å® ç‰©ä¿¡æ¯\" ],\n  \"url\" : [ \"/user/pet/petInfo\" ],\n  \"target\" : [ \"menuItem\" ],\n  \"perms\" : [ \"user:pet:view\" ],\n  \"orderNum\" : [ \"1\" ],\n  \"icon\" : [ \"#\" ],\n  \"visible\" : [ \"0\" ]\n}','{\n  \"msg\" : \"æ“ä½œæˆåŠŸ\",\n  \"code\" : 0\n}',0,NULL,'2019-12-18 14:30:48'),(160,'è§’è‰²ç®¡ç†',2,'com.ruoyi.web.controller.system.SysRoleController.authDataScopeSave()','POST',1,'ry','æµ‹è¯•éƒ¨é—¨','/system/role/authDataScope','127.0.0.1','å†…ç½‘IP','{\n  \"roleId\" : [ \"100\" ],\n  \"roleName\" : [ \"æ™®é€šç®¡ç†å‘˜\" ],\n  \"roleKey\" : [ \"commonAdmin\" ],\n  \"dataScope\" : [ \"1\" ],\n  \"deptIds\" : [ \"\" ]\n}','{\n  \"msg\" : \"æ“ä½œæˆåŠŸ\",\n  \"code\" : 0\n}',0,NULL,'2019-12-18 16:03:12'),(161,'è§’è‰²ç®¡ç†',2,'com.ruoyi.web.controller.system.SysRoleController.authDataScopeSave()','POST',1,'ry','æµ‹è¯•éƒ¨é—¨','/system/role/authDataScope','127.0.0.1','å†…ç½‘IP','{\n  \"roleId\" : [ \"2\" ],\n  \"roleName\" : [ \"æ™®é€šè§’è‰²\" ],\n  \"roleKey\" : [ \"common\" ],\n  \"dataScope\" : [ \"1\" ],\n  \"deptIds\" : [ \"\" ]\n}','{\n  \"msg\" : \"æ“ä½œæˆåŠŸ\",\n  \"code\" : 0\n}',0,NULL,'2019-12-18 16:03:43'),(162,'è§’è‰²ç®¡ç†',2,'com.ruoyi.web.controller.system.SysRoleController.authDataScopeSave()','POST',1,'ry','æµ‹è¯•éƒ¨é—¨','/system/role/authDataScope','127.0.0.1','å†…ç½‘IP','{\n  \"roleId\" : [ \"100\" ],\n  \"roleName\" : [ \"æ™®é€šç®¡ç†å‘˜\" ],\n  \"roleKey\" : [ \"commonAdmin\" ],\n  \"dataScope\" : [ \"2\" ],\n  \"deptIds\" : [ \"\" ]\n}','{\n  \"msg\" : \"æ“ä½œæˆåŠŸ\",\n  \"code\" : 0\n}',0,NULL,'2019-12-18 16:20:06'),(163,'èœå•ç®¡ç†',1,'com.ruoyi.web.controller.system.SysMenuController.addSave()','POST',1,'ry','æµ‹è¯•éƒ¨é—¨','/system/menu/add','127.0.0.1','å†…ç½‘IP','{\n  \"parentId\" : [ \"0\" ],\n  \"menuType\" : [ \"M\" ],\n  \"menuName\" : [ \"åŸºç¡€æœåŠ¡\" ],\n  \"url\" : [ \"\" ],\n  \"target\" : [ \"menuItem\" ],\n  \"perms\" : [ \"\" ],\n  \"orderNum\" : [ \"1\" ],\n  \"icon\" : [ \"\" ],\n  \"visible\" : [ \"0\" ]\n}','{\n  \"msg\" : \"æ“ä½œæˆåŠŸ\",\n  \"code\" : 0\n}',0,NULL,'2019-12-18 17:10:49'),(164,'èœå•ç®¡ç†',1,'com.ruoyi.web.controller.system.SysMenuController.addSave()','POST',1,'admin','ç ”å‘éƒ¨é—¨','/system/menu/add','127.0.0.1','å†…ç½‘IP','{\n  \"parentId\" : [ \"0\" ],\n  \"menuType\" : [ \"M\" ],\n  \"menuName\" : [ \"åŸºç¡€æœåŠ¡\" ],\n  \"url\" : [ \"\" ],\n  \"target\" : [ \"menuItem\" ],\n  \"perms\" : [ \"\" ],\n  \"orderNum\" : [ \"1\" ],\n  \"icon\" : [ \"\" ],\n  \"visible\" : [ \"0\" ]\n}','{\n  \"msg\" : \"æ“ä½œæˆåŠŸ\",\n  \"code\" : 0\n}',0,NULL,'2019-12-18 17:13:21'),(165,'èœå•ç®¡ç†',2,'com.ruoyi.web.controller.system.SysMenuController.editSave()','POST',1,'admin','ç ”å‘éƒ¨é—¨','/system/menu/edit','127.0.0.1','å†…ç½‘IP','{\n  \"menuId\" : [ \"2005\" ],\n  \"parentId\" : [ \"0\" ],\n  \"menuType\" : [ \"M\" ],\n  \"menuName\" : [ \"å® ç‰©ä¿¡æ¯\" ],\n  \"url\" : [ \"/user/pet/petInfo\" ],\n  \"target\" : [ \"menuItem\" ],\n  \"perms\" : [ \"user:pet:view\" ],\n  \"orderNum\" : [ \"1\" ],\n  \"icon\" : [ \"#\" ],\n  \"visible\" : [ \"0\" ]\n}','{\n  \"msg\" : \"æ“ä½œæˆåŠŸ\",\n  \"code\" : 0\n}',0,NULL,'2019-12-18 17:13:38'),(166,'èœå•ç®¡ç†',1,'com.ruoyi.web.controller.system.SysMenuController.addSave()','POST',1,'admin','ç ”å‘éƒ¨é—¨','/system/menu/add','127.0.0.1','å†…ç½‘IP','{\n  \"parentId\" : [ \"2007\" ],\n  \"menuType\" : [ \"C\" ],\n  \"menuName\" : [ \"å® ç‰©ä¿¡æ¯\" ],\n  \"url\" : [ \"/user/pet/petInfo\" ],\n  \"target\" : [ \"menuItem\" ],\n  \"perms\" : [ \"user:pet:view\" ],\n  \"orderNum\" : [ \"1\" ],\n  \"icon\" : [ \"\" ],\n  \"visible\" : [ \"0\" ]\n}','{\n  \"msg\" : \"æ“ä½œæˆåŠŸ\",\n  \"code\" : 0\n}',0,NULL,'2019-12-18 17:15:32'),(167,'èœå•ç®¡ç†',3,'com.ruoyi.web.controller.system.SysMenuController.remove()','GET',1,'admin','ç ”å‘éƒ¨é—¨','/system/menu/remove/2005','127.0.0.1','å†…ç½‘IP','{ }','{\n  \"msg\" : \"èœå•å·²åˆ†é…,ä¸å…è®¸åˆ é™¤\",\n  \"code\" : 301\n}',0,NULL,'2019-12-18 17:15:38'),(168,'è§’è‰²ç®¡ç†',2,'com.ruoyi.web.controller.system.SysRoleController.editSave()','POST',1,'admin','ç ”å‘éƒ¨é—¨','/system/role/edit','127.0.0.1','å†…ç½‘IP','{\n  \"roleId\" : [ \"2\" ],\n  \"roleName\" : [ \"æ™®é€šè§’è‰²\" ],\n  \"roleKey\" : [ \"common\" ],\n  \"roleSort\" : [ \"2\" ],\n  \"status\" : [ \"0\" ],\n  \"remark\" : [ \"æ™®é€šè§’è‰²\" ],\n  \"menuIds\" : [ \"\" ]\n}','{\n  \"msg\" : \"æ“ä½œæˆåŠŸ\",\n  \"code\" : 0\n}',0,NULL,'2019-12-18 17:15:51'),(169,'èœå•ç®¡ç†',3,'com.ruoyi.web.controller.system.SysMenuController.remove()','GET',1,'admin','ç ”å‘éƒ¨é—¨','/system/menu/remove/2005','127.0.0.1','å†…ç½‘IP','{ }','{\n  \"msg\" : \"æ“ä½œæˆåŠŸ\",\n  \"code\" : 0\n}',0,NULL,'2019-12-18 17:16:03'),(170,'è§’è‰²ç®¡ç†',2,'com.ruoyi.web.controller.system.SysRoleController.editSave()','POST',1,'admin','ç ”å‘éƒ¨é—¨','/system/role/edit','127.0.0.1','å†…ç½‘IP','{\n  \"roleId\" : [ \"2\" ],\n  \"roleName\" : [ \"æ™®é€šè§’è‰²\" ],\n  \"roleKey\" : [ \"common\" ],\n  \"roleSort\" : [ \"2\" ],\n  \"status\" : [ \"0\" ],\n  \"remark\" : [ \"æ™®é€šè§’è‰²\" ],\n  \"menuIds\" : [ \"2007,2008\" ]\n}','{\n  \"msg\" : \"æ“ä½œæˆåŠŸ\",\n  \"code\" : 0\n}',0,NULL,'2019-12-18 17:16:16'),(171,'è§’è‰²ç®¡ç†',2,'com.ruoyi.web.controller.system.SysRoleController.editSave()','POST',1,'admin','ç ”å‘éƒ¨é—¨','/system/role/edit','127.0.0.1','å†…ç½‘IP','{\n  \"roleId\" : [ \"100\" ],\n  \"roleName\" : [ \"æ™®é€šç®¡ç†å‘˜\" ],\n  \"roleKey\" : [ \"commonAdmin\" ],\n  \"roleSort\" : [ \"3\" ],\n  \"status\" : [ \"0\" ],\n  \"remark\" : [ \"\" ],\n  \"menuIds\" : [ \"1,2000,2001,2004,2002,2003,100,1000,1001,1002,1003,1004,1005,1006,101,1007,1008,1009,1010,1011,102,1012,1013,1014,1015,103,1016,1017,1018,1019,104,1020,1021,1022,1023,1024,105,1025,1026,1027,1028,1029,106,1030,1031,1032,1033,1034,107,1035,1036,1037,1038,108,500,1039,1040,1041,1042,501,1043,1044,1045,1046,2,109,1047,1048,1049,110,1050,1051,1052,1053,1054,1055,1056,111,112,3,113,114,1057,1058,1059,1060,1061,115\" ]\n}','{\n  \"msg\" : \"æ“ä½œæˆåŠŸ\",\n  \"code\" : 0\n}',0,NULL,'2019-12-18 17:16:21'),(172,'è§’è‰²ç®¡ç†',2,'com.ruoyi.web.controller.system.SysRoleController.editSave()','POST',1,'admin','ç ”å‘éƒ¨é—¨','/system/role/edit','127.0.0.1','å†…ç½‘IP','{\n  \"roleId\" : [ \"2\" ],\n  \"roleName\" : [ \"æ™®é€šè§’è‰²\" ],\n  \"roleKey\" : [ \"common\" ],\n  \"roleSort\" : [ \"2\" ],\n  \"status\" : [ \"0\" ],\n  \"remark\" : [ \"æ™®é€šè§’è‰²\" ],\n  \"menuIds\" : [ \"2007,2008,3,113,114,1057,1058,1059,1060,1061,115\" ]\n}','{\n  \"msg\" : \"æ“ä½œæˆåŠŸ\",\n  \"code\" : 0\n}',0,NULL,'2019-12-18 17:17:41'),(173,'è§’è‰²ç®¡ç†',2,'com.ruoyi.web.controller.system.SysRoleController.editSave()','POST',1,'admin','ç ”å‘éƒ¨é—¨','/system/role/edit','127.0.0.1','å†…ç½‘IP','{\n  \"roleId\" : [ \"2\" ],\n  \"roleName\" : [ \"æ™®é€šè§’è‰²\" ],\n  \"roleKey\" : [ \"common\" ],\n  \"roleSort\" : [ \"2\" ],\n  \"status\" : [ \"0\" ],\n  \"remark\" : [ \"æ™®é€šè§’è‰²\" ],\n  \"menuIds\" : [ \"2007,2008\" ]\n}','{\n  \"msg\" : \"æ“ä½œæˆåŠŸ\",\n  \"code\" : 0\n}',0,NULL,'2019-12-18 17:25:48'),(174,'èœå•ç®¡ç†',2,'com.ruoyi.web.controller.system.SysMenuController.editSave()','POST',1,'admin','ç ”å‘éƒ¨é—¨','/system/menu/edit','127.0.0.1','å†…ç½‘IP','{\n  \"menuId\" : [ \"2007\" ],\n  \"parentId\" : [ \"0\" ],\n  \"menuType\" : [ \"M\" ],\n  \"menuName\" : [ \"åŸºç¡€æœåŠ¡\" ],\n  \"url\" : [ \"#\" ],\n  \"target\" : [ \"menuItem\" ],\n  \"perms\" : [ \"\" ],\n  \"orderNum\" : [ \"1\" ],\n  \"icon\" : [ \"fa fa-reorder\" ],\n  \"visible\" : [ \"0\" ]\n}','{\n  \"msg\" : \"æ“ä½œæˆåŠŸ\",\n  \"code\" : 0\n}',0,NULL,'2019-12-19 09:23:31'),(175,'èœå•ç®¡ç†',1,'com.ruoyi.web.controller.system.SysMenuController.addSave()','POST',1,'admin','ç ”å‘éƒ¨é—¨','/system/menu/add','127.0.0.1','å†…ç½‘IP','{\n  \"parentId\" : [ \"1\" ],\n  \"menuType\" : [ \"C\" ],\n  \"menuName\" : [ \"é¢†å…»ç®¡ç†\" ],\n  \"url\" : [ \"/system/adpotInfo\" ],\n  \"target\" : [ \"menuItem\" ],\n  \"perms\" : [ \"system:adopt:view\" ],\n  \"orderNum\" : [ \"2\" ],\n  \"icon\" : [ \"\" ],\n  \"visible\" : [ \"0\" ]\n}','{\n  \"msg\" : \"æ“ä½œæˆåŠŸ\",\n  \"code\" : 0\n}',0,NULL,'2019-12-19 10:59:16'),(176,'èœå•ç®¡ç†',2,'com.ruoyi.web.controller.system.SysMenuController.editSave()','POST',1,'admin','ç ”å‘éƒ¨é—¨','/system/menu/edit','127.0.0.1','å†…ç½‘IP','{\n  \"menuId\" : [ \"101\" ],\n  \"parentId\" : [ \"1\" ],\n  \"menuType\" : [ \"C\" ],\n  \"menuName\" : [ \"è§’è‰²ç®¡ç†\" ],\n  \"url\" : [ \"/system/role\" ],\n  \"target\" : [ \"menuItem\" ],\n  \"perms\" : [ \"system:role:view\" ],\n  \"orderNum\" : [ \"3\" ],\n  \"icon\" : [ \"#\" ],\n  \"visible\" : [ \"0\" ]\n}','{\n  \"msg\" : \"æ“ä½œæˆåŠŸ\",\n  \"code\" : 0\n}',0,NULL,'2019-12-19 10:59:41'),(177,'èœå•ç®¡ç†',2,'com.ruoyi.web.controller.system.SysMenuController.editSave()','POST',1,'admin','ç ”å‘éƒ¨é—¨','/system/menu/edit','127.0.0.1','å†…ç½‘IP','{\n  \"menuId\" : [ \"2009\" ],\n  \"parentId\" : [ \"1\" ],\n  \"menuType\" : [ \"C\" ],\n  \"menuName\" : [ \"å® ç‰©é¢†å…»ç®¡ç†\" ],\n  \"url\" : [ \"/system/adpotInfo\" ],\n  \"target\" : [ \"menuItem\" ],\n  \"perms\" : [ \"system:adopt:view\" ],\n  \"orderNum\" : [ \"1\" ],\n  \"icon\" : [ \"#\" ],\n  \"visible\" : [ \"0\" ]\n}','{\n  \"msg\" : \"æ“ä½œæˆåŠŸ\",\n  \"code\" : 0\n}',0,NULL,'2019-12-19 11:00:07'),(178,'èœå•ç®¡ç†',2,'com.ruoyi.web.controller.system.SysMenuController.editSave()','POST',1,'admin','ç ”å‘éƒ¨é—¨','/system/menu/edit','127.0.0.1','å†…ç½‘IP','{\n  \"menuId\" : [ \"2009\" ],\n  \"parentId\" : [ \"1\" ],\n  \"menuType\" : [ \"C\" ],\n  \"menuName\" : [ \"å® ç‰©é¢†å…»ç®¡ç†\" ],\n  \"url\" : [ \"/system/applyadpot\" ],\n  \"target\" : [ \"menuItem\" ],\n  \"perms\" : [ \"system:adopt:view\" ],\n  \"orderNum\" : [ \"1\" ],\n  \"icon\" : [ \"#\" ],\n  \"visible\" : [ \"0\" ]\n}','{\n  \"msg\" : \"æ“ä½œæˆåŠŸ\",\n  \"code\" : 0\n}',0,NULL,'2019-12-19 11:00:28'),(179,'èœå•ç®¡ç†',2,'com.ruoyi.web.controller.system.SysMenuController.editSave()','POST',1,'admin','ç ”å‘éƒ¨é—¨','/system/menu/edit','127.0.0.1','å†…ç½‘IP','{\n  \"menuId\" : [ \"2009\" ],\n  \"parentId\" : [ \"1\" ],\n  \"menuType\" : [ \"C\" ],\n  \"menuName\" : [ \"å® ç‰©é¢†å…»ç®¡ç†\" ],\n  \"url\" : [ \"/system/applyAdopt\" ],\n  \"target\" : [ \"menuItem\" ],\n  \"perms\" : [ \"system:adopt:view\" ],\n  \"orderNum\" : [ \"1\" ],\n  \"icon\" : [ \"#\" ],\n  \"visible\" : [ \"0\" ]\n}','{\n  \"msg\" : \"æ“ä½œæˆåŠŸ\",\n  \"code\" : 0\n}',0,NULL,'2019-12-19 11:40:12'),(180,'ç”¨æˆ·ç®¡ç†',2,'com.ruoyi.web.controller.system.SysUserController.editSave()','POST',1,'admin','ç ”å‘éƒ¨é—¨','/system/user/edit','127.0.0.1','å†…ç½‘IP','{\n  \"userId\" : [ \"100\" ],\n  \"deptId\" : [ \"105\" ],\n  \"userName\" : [ \"çˆ±å¿ƒå¸‚æ°‘\" ],\n  \"dept.deptName\" : [ \"æµ‹è¯•éƒ¨é—¨\" ],\n  \"phonenumber\" : [ \"13422212222\" ],\n  \"email\" : [ \"1026320617@qq.com\" ],\n  \"loginName\" : [ \"user\" ],\n  \"sex\" : [ \"0\" ],\n  \"role\" : [ \"2\" ],\n  \"remark\" : [ \"\" ],\n  \"status\" : [ \"0\" ],\n  \"roleIds\" : [ \"2\" ],\n  \"postIds\" : [ \"4\" ]\n}','{\n  \"msg\" : \"æ“ä½œæˆåŠŸ\",\n  \"code\" : 0\n}',0,NULL,'2019-12-19 15:32:33'),(181,'èœå•ç®¡ç†',2,'com.ruoyi.web.controller.system.SysMenuController.editSave()','POST',1,'admin','ç ”å‘éƒ¨é—¨','/system/menu/edit','127.0.0.1','å†…ç½‘IP','{\n  \"menuId\" : [ \"106\" ],\n  \"parentId\" : [ \"1\" ],\n  \"menuType\" : [ \"C\" ],\n  \"menuName\" : [ \"å‚æ•°è®¾ç½®\" ],\n  \"url\" : [ \"/system/config\" ],\n  \"target\" : [ \"menuItem\" ],\n  \"perms\" : [ \"system:config:view\" ],\n  \"orderNum\" : [ \"7\" ],\n  \"icon\" : [ \"#\" ],\n  \"visible\" : [ \"1\" ]\n}','{\n  \"msg\" : \"æ“ä½œæˆåŠŸ\",\n  \"code\" : 0\n}',0,NULL,'2019-12-19 15:41:30'),(182,'èœå•ç®¡ç†',2,'com.ruoyi.web.controller.system.SysMenuController.editSave()','POST',1,'admin','ç ”å‘éƒ¨é—¨','/system/menu/edit','127.0.0.1','å†…ç½‘IP','{\n  \"menuId\" : [ \"107\" ],\n  \"parentId\" : [ \"1\" ],\n  \"menuType\" : [ \"C\" ],\n  \"menuName\" : [ \"é€šçŸ¥å…¬å‘Š\" ],\n  \"url\" : [ \"/system/notice\" ],\n  \"target\" : [ \"menuItem\" ],\n  \"perms\" : [ \"system:notice:view\" ],\n  \"orderNum\" : [ \"8\" ],\n  \"icon\" : [ \"#\" ],\n  \"visible\" : [ \"1\" ]\n}','{\n  \"msg\" : \"æ“ä½œæˆåŠŸ\",\n  \"code\" : 0\n}',0,NULL,'2019-12-19 15:41:40'),(183,'èœå•ç®¡ç†',2,'com.ruoyi.web.controller.system.SysMenuController.editSave()','POST',1,'admin','ç ”å‘éƒ¨é—¨','/system/menu/edit','127.0.0.1','å†…ç½‘IP','{\n  \"menuId\" : [ \"104\" ],\n  \"parentId\" : [ \"1\" ],\n  \"menuType\" : [ \"C\" ],\n  \"menuName\" : [ \"å²—ä½ç®¡ç†\" ],\n  \"url\" : [ \"/system/post\" ],\n  \"target\" : [ \"menuItem\" ],\n  \"perms\" : [ \"system:post:view\" ],\n  \"orderNum\" : [ \"5\" ],\n  \"icon\" : [ \"#\" ],\n  \"visible\" : [ \"1\" ]\n}','{\n  \"msg\" : \"æ“ä½œæˆåŠŸ\",\n  \"code\" : 0\n}',0,NULL,'2019-12-19 15:41:56'),(184,'èœå•ç®¡ç†',2,'com.ruoyi.web.controller.system.SysMenuController.editSave()','POST',1,'admin','ç ”å‘éƒ¨é—¨','/system/menu/edit','127.0.0.1','å†…ç½‘IP','{\n  \"menuId\" : [ \"103\" ],\n  \"parentId\" : [ \"1\" ],\n  \"menuType\" : [ \"C\" ],\n  \"menuName\" : [ \"éƒ¨é—¨ç®¡ç†\" ],\n  \"url\" : [ \"/system/dept\" ],\n  \"target\" : [ \"menuItem\" ],\n  \"perms\" : [ \"system:dept:view\" ],\n  \"orderNum\" : [ \"4\" ],\n  \"icon\" : [ \"#\" ],\n  \"visible\" : [ \"1\" ]\n}','{\n  \"msg\" : \"æ“ä½œæˆåŠŸ\",\n  \"code\" : 0\n}',0,NULL,'2019-12-19 15:42:04'),(185,'èœå•ç®¡ç†',1,'com.ruoyi.web.controller.system.SysMenuController.addSave()','POST',1,'admin','ç ”å‘éƒ¨é—¨','/system/menu/add','127.0.0.1','å†…ç½‘IP','{\n  \"parentId\" : [ \"2007\" ],\n  \"menuType\" : [ \"C\" ],\n  \"menuName\" : [ \"ç”³è¯·å¯„å…»\" ],\n  \"url\" : [ \"/user/pet/applyfost\" ],\n  \"target\" : [ \"menuItem\" ],\n  \"perms\" : [ \"user:pet:fost\" ],\n  \"orderNum\" : [ \"2\" ],\n  \"icon\" : [ \"\" ],\n  \"visible\" : [ \"0\" ]\n}','{\n  \"msg\" : \"æ“ä½œæˆåŠŸ\",\n  \"code\" : 0\n}',0,NULL,'2019-12-20 09:18:18'),(186,'è§’è‰²ç®¡ç†',2,'com.ruoyi.web.controller.system.SysRoleController.editSave()','POST',1,'admin','ç ”å‘éƒ¨é—¨','/system/role/edit','127.0.0.1','å†…ç½‘IP','{\n  \"roleId\" : [ \"2\" ],\n  \"roleName\" : [ \"æ™®é€šè§’è‰²\" ],\n  \"roleKey\" : [ \"common\" ],\n  \"roleSort\" : [ \"2\" ],\n  \"status\" : [ \"0\" ],\n  \"remark\" : [ \"æ™®é€šè§’è‰²\" ],\n  \"menuIds\" : [ \"2007,2008,2010\" ]\n}','{\n  \"msg\" : \"æ“ä½œæˆåŠŸ\",\n  \"code\" : 0\n}',0,NULL,'2019-12-20 09:18:29'),(187,'èœå•ç®¡ç†',1,'com.ruoyi.web.controller.system.SysMenuController.addSave()','POST',1,'admin','ç ”å‘éƒ¨é—¨','/system/menu/add','127.0.0.1','å†…ç½‘IP','{\n  \"parentId\" : [ \"1\" ],\n  \"menuType\" : [ \"C\" ],\n  \"menuName\" : [ \"å® ç‰©å¯„å…»ç®¡ç†\" ],\n  \"url\" : [ \"/system/applyFost\" ],\n  \"target\" : [ \"menuItem\" ],\n  \"perms\" : [ \"system:fost:view\" ],\n  \"orderNum\" : [ \"3\" ],\n  \"icon\" : [ \"\" ],\n  \"visible\" : [ \"0\" ]\n}','{\n  \"msg\" : \"æ“ä½œæˆåŠŸ\",\n  \"code\" : 0\n}',0,NULL,'2019-12-20 11:14:42'),(188,'èœå•ç®¡ç†',2,'com.ruoyi.web.controller.system.SysMenuController.editSave()','POST',1,'admin','ç ”å‘éƒ¨é—¨','/system/menu/edit','127.0.0.1','å†…ç½‘IP','{\n  \"menuId\" : [ \"2011\" ],\n  \"parentId\" : [ \"1\" ],\n  \"menuType\" : [ \"C\" ],\n  \"menuName\" : [ \"å® ç‰©å¯„å…»ç®¡ç†\" ],\n  \"url\" : [ \"/system/applyFost\" ],\n  \"target\" : [ \"menuItem\" ],\n  \"perms\" : [ \"system:fost:view\" ],\n  \"orderNum\" : [ \"1\" ],\n  \"icon\" : [ \"#\" ],\n  \"visible\" : [ \"0\" ]\n}','{\n  \"msg\" : \"æ“ä½œæˆåŠŸ\",\n  \"code\" : 0\n}',0,NULL,'2019-12-20 11:14:58'),(189,'èœå•ç®¡ç†',1,'com.ruoyi.web.controller.system.SysMenuController.addSave()','POST',1,'admin','ç ”å‘éƒ¨é—¨','/system/menu/add','127.0.0.1','å†…ç½‘IP','{\n  \"parentId\" : [ \"2007\" ],\n  \"menuType\" : [ \"C\" ],\n  \"menuName\" : [ \"ç»™é©¿ç«™ç•™è¨€\" ],\n  \"url\" : [ \"/user/leaveMsg\" ],\n  \"target\" : [ \"menuItem\" ],\n  \"perms\" : [ \"\" ],\n  \"orderNum\" : [ \"4\" ],\n  \"icon\" : [ \"\" ],\n  \"visible\" : [ \"0\" ]\n}','{\n  \"msg\" : \"æ“ä½œæˆåŠŸ\",\n  \"code\" : 0\n}',0,NULL,'2019-12-20 13:32:17'),(190,'è§’è‰²ç®¡ç†',2,'com.ruoyi.web.controller.system.SysRoleController.editSave()','POST',1,'admin','ç ”å‘éƒ¨é—¨','/system/role/edit','127.0.0.1','å†…ç½‘IP','{\n  \"roleId\" : [ \"2\" ],\n  \"roleName\" : [ \"æ™®é€šè§’è‰²\" ],\n  \"roleKey\" : [ \"common\" ],\n  \"roleSort\" : [ \"2\" ],\n  \"status\" : [ \"0\" ],\n  \"remark\" : [ \"æ™®é€šè§’è‰²\" ],\n  \"menuIds\" : [ \"2007,2008,2010,2012\" ]\n}','{\n  \"msg\" : \"æ“ä½œæˆåŠŸ\",\n  \"code\" : 0\n}',0,NULL,'2019-12-20 13:35:42'),(191,'èœå•ç®¡ç†',2,'com.ruoyi.web.controller.system.SysMenuController.editSave()','POST',1,'admin','ç ”å‘éƒ¨é—¨','/system/menu/edit','127.0.0.1','å†…ç½‘IP','{\n  \"menuId\" : [ \"2012\" ],\n  \"parentId\" : [ \"2007\" ],\n  \"menuType\" : [ \"C\" ],\n  \"menuName\" : [ \"ç»™é©¿ç«™ç•™è¨€\" ],\n  \"url\" : [ \"/user/leaveMsg\" ],\n  \"target\" : [ \"menuItem\" ],\n  \"perms\" : [ \"user:leaveMsg:view\" ],\n  \"orderNum\" : [ \"4\" ],\n  \"icon\" : [ \"#\" ],\n  \"visible\" : [ \"0\" ]\n}','{\n  \"msg\" : \"æ“ä½œæˆåŠŸ\",\n  \"code\" : 0\n}',0,NULL,'2019-12-20 14:45:00'),(192,'è§’è‰²ç®¡ç†',2,'com.ruoyi.web.controller.system.SysRoleController.editSave()','POST',1,'admin','ç ”å‘éƒ¨é—¨','/system/role/edit','127.0.0.1','å†…ç½‘IP','{\n  \"roleId\" : [ \"2\" ],\n  \"roleName\" : [ \"æ™®é€šè§’è‰²\" ],\n  \"roleKey\" : [ \"common\" ],\n  \"roleSort\" : [ \"2\" ],\n  \"status\" : [ \"0\" ],\n  \"remark\" : [ \"æ™®é€šè§’è‰²\" ],\n  \"menuIds\" : [ \"2007,2008,2010,2012\" ]\n}','{\n  \"msg\" : \"æ“ä½œæˆåŠŸ\",\n  \"code\" : 0\n}',0,NULL,'2019-12-20 14:46:34'),(193,'èœå•ç®¡ç†',1,'com.ruoyi.web.controller.system.SysMenuController.addSave()','POST',1,'admin','ç ”å‘éƒ¨é—¨','/system/menu/add','127.0.0.1','å†…ç½‘IP','{\n  \"parentId\" : [ \"1\" ],\n  \"menuType\" : [ \"C\" ],\n  \"menuName\" : [ \"ç•™è¨€ç®¡ç†\" ],\n  \"url\" : [ \"/system/leaveMsg\" ],\n  \"target\" : [ \"menuItem\" ],\n  \"perms\" : [ \"system:leaveMsg:view\" ],\n  \"orderNum\" : [ \"1\" ],\n  \"icon\" : [ \"\" ],\n  \"visible\" : [ \"0\" ]\n}','{\n  \"msg\" : \"æ“ä½œæˆåŠŸ\",\n  \"code\" : 0\n}',0,NULL,'2019-12-20 15:36:03'),(194,'èœå•ç®¡ç†',1,'com.ruoyi.web.controller.system.SysMenuController.addSave()','POST',1,'admin','ç ”å‘éƒ¨é—¨','/system/menu/add','127.0.0.1','å†…ç½‘IP','{\n  \"parentId\" : [ \"1\" ],\n  \"menuType\" : [ \"C\" ],\n  \"menuName\" : [ \"æèµ ç®¡ç†\" ],\n  \"url\" : [ \"/system/pet/donate\" ],\n  \"target\" : [ \"menuItem\" ],\n  \"perms\" : [ \"system:donate:view\" ],\n  \"orderNum\" : [ \"1\" ],\n  \"icon\" : [ \"\" ],\n  \"visible\" : [ \"0\" ]\n}','{\n  \"msg\" : \"æ“ä½œæˆåŠŸ\",\n  \"code\" : 0\n}',0,NULL,'2019-12-21 09:32:08'),(195,'èœå•ç®¡ç†',1,'com.ruoyi.web.controller.system.SysMenuController.addSave()','POST',1,'admin','ç ”å‘éƒ¨é—¨','/system/menu/add','127.0.0.1','å†…ç½‘IP','{\n  \"parentId\" : [ \"2007\" ],\n  \"menuType\" : [ \"C\" ],\n  \"menuName\" : [ \"æèµ å® ç‰©\" ],\n  \"url\" : [ \"/user/pet/donate\" ],\n  \"target\" : [ \"menuItem\" ],\n  \"perms\" : [ \"user:donate:view\" ],\n  \"orderNum\" : [ \"4\" ],\n  \"icon\" : [ \"\" ],\n  \"visible\" : [ \"0\" ]\n}','{\n  \"msg\" : \"æ“ä½œæˆåŠŸ\",\n  \"code\" : 0\n}',0,NULL,'2019-12-21 16:13:37'),(196,'è§’è‰²ç®¡ç†',2,'com.ruoyi.web.controller.system.SysRoleController.editSave()','POST',1,'admin','ç ”å‘éƒ¨é—¨','/system/role/edit','127.0.0.1','å†…ç½‘IP','{\n  \"roleId\" : [ \"2\" ],\n  \"roleName\" : [ \"æ™®é€šè§’è‰²\" ],\n  \"roleKey\" : [ \"common\" ],\n  \"roleSort\" : [ \"2\" ],\n  \"status\" : [ \"0\" ],\n  \"remark\" : [ \"æ™®é€šè§’è‰²\" ],\n  \"menuIds\" : [ \"2007,2008,2010,2012,2015\" ]\n}','{\n  \"msg\" : \"æ“ä½œæˆåŠŸ\",\n  \"code\" : 0\n}',0,NULL,'2019-12-21 16:15:18'),(197,'å® ç‰©ç®¡ç†',1,'com.ruoyi.web.controller.system.SysPetController.remove()','POST',1,'admin','ç ”å‘éƒ¨é—¨','/system/pet/remove','127.0.0.1','å†…ç½‘IP','{\n  \"ids\" : [ \"b6a815ea22e711ea823e91afbb9bd661\" ]\n}','{\n  \"msg\" : \"æ“ä½œæˆåŠŸ\",\n  \"code\" : 0\n}',0,NULL,'2019-12-21 19:55:10'),(198,'é‡ç½®å¯†ç ',2,'com.ruoyi.web.controller.system.SysUserController.resetPwd()','GET',1,'admin','ç ”å‘éƒ¨é—¨','/system/user/resetPwd/2','127.0.0.1','å†…ç½‘IP','{ }','\"system/user/resetPwd\"',0,NULL,'2020-02-17 14:18:51');
/*!40000 ALTER TABLE `sys_oper_log` ENABLE KEYS */;
UNLOCK TABLES;

--
-- Table structure for table `sys_pet`
--

DROP TABLE IF EXISTS `sys_pet`;
/*!40101 SET @saved_cs_client     = @@character_set_client */;
/*!50503 SET character_set_client = utf8mb4 */;
CREATE TABLE `sys_pet` (
  `id` varchar(36) NOT NULL COMMENT 'å® ç‰©id',
  `name` varchar(255) DEFAULT NULL COMMENT 'å® ç‰©åç§°',
  `type` varchar(255) DEFAULT NULL COMMENT 'å® ç‰©ç±»å‹',
  `create_time` datetime DEFAULT NULL COMMENT 'å…¥ç«™æ—¶é—´',
  `adoptStatu` int(11) DEFAULT NULL COMMENT 'é¢†å…»çŠ¶æ€ï¼ˆ0è¡¨ç¤ºæœªè¢«é¢†å…» 1è¡¨ç¤ºå·²è¢«é¢†å…»ï¼‰',
  `fostStatu` int(11) DEFAULT NULL COMMENT 'æ˜¯å¦ä¸ºå¯„å…»',
  `sex` int(11) DEFAULT NULL COMMENT 'æ€§åˆ«',
  `imageUrl` varchar(255) DEFAULT NULL COMMENT 'å›¾ç‰‡åœ°å€',
  `createBy` varchar(255) DEFAULT NULL COMMENT 'åˆ›å»ºè€…',
  `updateBy` varchar(255) DEFAULT NULL COMMENT 'æ›´æ–°è€…',
  `update_time` datetime DEFAULT NULL COMMENT 'æ›´æ–°æ—¶é—´',
  `remark` varchar(255) DEFAULT NULL COMMENT 'å¤‡æ³¨',
  `del_flag` varchar(255) DEFAULT NULL COMMENT 'åˆ é™¤æ ‡å¿—ï¼ˆ0ä»£è¡¨å­˜åœ¨ 2ä»£è¡¨åˆ é™¤ï¼‰',
  PRIMARY KEY (`id`)
) ENGINE=InnoDB DEFAULT CHARSET=utf8mb4 COLLATE=utf8mb4_0900_ai_ci;
/*!40101 SET character_set_client = @saved_cs_client */;

--
-- Dumping data for table `sys_pet`
--

LOCK TABLES `sys_pet` WRITE;
/*!40000 ALTER TABLE `sys_pet` DISABLE KEYS */;
INSERT INTO `sys_pet` VALUES ('1','äºŒå“ˆ','é›ªæ©‡çŠ¬','2019-12-16 14:36:46',0,0,1,'https://timgsa.baidu.com/timg?image&quality=80&size=b9999_10000&sec=1576490779740&di=1ab8905079727e05e66db218b93b96cb&imgtype=0&src=http%3A%2F%2Fdingyue.nosdn.127.net%2FgDocjyIE%3DrAKuSnFNZbsZKpLVpRicfdP0hKbQbN1ZUPWT1523430130235.jpg','ruoyi','admin','2019-12-19 13:46:56','è¿™æ˜¯ä¸€åªäºŒå“ˆ','0'),('2','é˜¿æ‹‰æ–¯åŠ çŠ¬','é›ªæ©‡çŠ¬','2019-12-16 16:47:30',0,0,1,'https://ss1.baidu.com/6ONXsjip0QIZ8tyhnq/it/u=3834139921,1086274215&fm=173&app=49&f=JPEG?w=634&h=419&s=23A3DA05428754F198B9147D03008073','ruoyi','admin','2019-12-19 13:46:56','è¿™æ˜¯é›ªæ©‡ä¸‰å‚»ä¹‹ä¸€','0'),('25e45d8c22e911ea823e91afbb9bd661','äºŒå“ˆå“ˆå“ˆ','é›ªæ©‡çŠ¬','2019-12-20 13:25:35',0,1,1,'http://127.0.0.1:8889/profile/upload/2019/12/20/c59c2724fe4dd2a346ad5b66f01fc76f.jpeg','admin',NULL,'2019-12-20 13:25:35','1231','0'),('26b56306214411eaab5a9a7da1b39bee','è¨æ‘©','é›ªæ©‡çŠ¬','2019-12-18 11:11:58',1,0,1,'http://127.0.0.1:8889/profile/upload/2019/12/18/989bf7f479d3871ef1310ed1c281d977.jpeg','admin','admin','2019-12-19 14:29:46','','0'),('3ef96e7223e611eaaef9a7371ade0b99','sasd','asd','2019-12-21 19:37:19',0,0,1,'http://127.0.0.1:8889/profile/upload/2019/12/21/0c759bc6b6a574d626405f4615c1e90b.jpeg','admin','admin','2019-12-21 19:37:19','123123','0'),('4e1c7b2020a711ea972d02c5d9ef22d8','ff','ww','2019-12-17 16:29:13',0,0,1,'http://127.0.0.1:8889/profile/upload/2019/12/17/70790eb4e84a0aa1afaabe1e319e7e99.jpeg','admin','admin','2019-12-19 13:46:56','w','2'),('64ddcd0020a211ea972d02c5d9ef22d8','2','ww','2019-12-17 15:54:04',0,0,1,'http://127.0.0.1:8889/profile/upload/2019/12/17/5bf8fbe586601e31f45abc239d66350a.jpeg','admin','admin','2019-12-19 13:46:56','sd','2'),('977bcda223e511eaaef9a7371ade0b99','è¨æ‘©çŠ¬','é›ªæ©‡çŠ¬','2019-12-21 19:32:38',0,1,1,'http://127.0.0.1:8889/profile/upload/2019/12/21/ca1bb2c4bd34efae381f6e816f28b545.jpeg','admin','admin','2019-12-21 19:32:38','111','0'),('a140cb5a209611ea972d02c5d9ef22d8','w','ww','2019-12-17 14:29:51',0,0,1,'http://127.0.0.1:8889/profile/upload/2019/12/17/cfd2e4890b693a3d6e7ef1eaedfc3253.jpeg','admin','admin','2019-12-19 13:46:56','w','0'),('b6a815ea22e711ea823e91afbb9bd661','12','12','2019-12-20 13:15:19',0,1,1,'http://127.0.0.1:8889/profile/upload/2019/12/20/a787df206b2bba9255eea8276327348b.jpeg','admin',NULL,NULL,'12','2');
/*!40000 ALTER TABLE `sys_pet` ENABLE KEYS */;
UNLOCK TABLES;

--
-- Table structure for table `sys_pet_copy1`
--

DROP TABLE IF EXISTS `sys_pet_copy1`;
/*!40101 SET @saved_cs_client     = @@character_set_client */;
/*!50503 SET character_set_client = utf8mb4 */;
CREATE TABLE `sys_pet_copy1` (
  `id` varchar(36) NOT NULL COMMENT 'å® ç‰©id',
  `name` varchar(255) DEFAULT NULL COMMENT 'å® ç‰©åç§°',
  `type` varchar(255) DEFAULT NULL COMMENT 'å® ç‰©ç±»å‹',
  `create_time` datetime DEFAULT NULL COMMENT 'å…¥ç«™æ—¶é—´',
  `adoptStatu` int(11) DEFAULT NULL COMMENT 'é¢†å…»çŠ¶æ€ï¼ˆ0è¡¨ç¤ºæœªè¢«é¢†å…» 1è¡¨ç¤ºå·²è¢«é¢†å…»ï¼‰',
  `fostStatu` int(11) DEFAULT NULL COMMENT 'æ˜¯å¦ä¸ºå¯„å…»',
  `sex` int(11) DEFAULT NULL COMMENT 'æ€§åˆ«',
  `imageUrl` varchar(255) DEFAULT NULL COMMENT 'å›¾ç‰‡åœ°å€',
  `createBy` varchar(255) DEFAULT NULL COMMENT 'åˆ›å»ºè€…',
  `updateBy` varchar(255) DEFAULT NULL COMMENT 'æ›´æ–°è€…',
  `update_time` datetime DEFAULT NULL COMMENT 'æ›´æ–°æ—¶é—´',
  `remark` varchar(255) DEFAULT NULL COMMENT 'å¤‡æ³¨',
  `del_flag` varchar(255) DEFAULT NULL COMMENT 'åˆ é™¤æ ‡å¿—ï¼ˆ0ä»£è¡¨å­˜åœ¨ 2ä»£è¡¨åˆ é™¤ï¼‰',
  PRIMARY KEY (`id`)
) ENGINE=InnoDB DEFAULT CHARSET=utf8mb4 COLLATE=utf8mb4_0900_ai_ci;
/*!40101 SET character_set_client = @saved_cs_client */;

--
-- Dumping data for table `sys_pet_copy1`
--

LOCK TABLES `sys_pet_copy1` WRITE;
/*!40000 ALTER TABLE `sys_pet_copy1` DISABLE KEYS */;
INSERT INTO `sys_pet_copy1` VALUES ('1','äºŒå“ˆ','é›ªæ©‡çŠ¬','2019-12-16 14:36:46',0,0,1,'https://timgsa.baidu.com/timg?image&quality=80&size=b9999_10000&sec=1576490779740&di=1ab8905079727e05e66db218b93b96cb&imgtype=0&src=http%3A%2F%2Fdingyue.nosdn.127.net%2FgDocjyIE%3DrAKuSnFNZbsZKpLVpRicfdP0hKbQbN1ZUPWT1523430130235.jpg','ruoyi','admin','2019-12-19 13:46:56','è¿™æ˜¯ä¸€åªäºŒå“ˆ','0'),('2','é˜¿æ‹‰æ–¯åŠ çŠ¬','é›ªæ©‡çŠ¬','2019-12-16 16:47:30',0,0,1,'https://ss1.baidu.com/6ONXsjip0QIZ8tyhnq/it/u=3834139921,1086274215&fm=173&app=49&f=JPEG?w=634&h=419&s=23A3DA05428754F198B9147D03008073','ruoyi','admin','2019-12-19 13:46:56','è¿™æ˜¯é›ªæ©‡ä¸‰å‚»ä¹‹ä¸€','0'),('25e45d8c22e911ea823e91afbb9bd661','äºŒå“ˆå“ˆå“ˆ','é›ªæ©‡çŠ¬','2019-12-20 13:25:35',0,1,1,'http://127.0.0.1:8889/profile/upload/2019/12/20/c59c2724fe4dd2a346ad5b66f01fc76f.jpeg','admin',NULL,'2019-12-20 13:25:35','1231','0'),('26b56306214411eaab5a9a7da1b39bee','è¨æ‘©','é›ªæ©‡çŠ¬','2019-12-18 11:11:58',1,0,1,'http://127.0.0.1:8889/profile/upload/2019/12/18/989bf7f479d3871ef1310ed1c281d977.jpeg','admin','admin','2019-12-19 14:29:46','','0'),('4e1c7b2020a711ea972d02c5d9ef22d8','ff','ww','2019-12-17 16:29:13',0,0,1,'http://127.0.0.1:8889/profile/upload/2019/12/17/70790eb4e84a0aa1afaabe1e319e7e99.jpeg','admin','admin','2019-12-19 13:46:56','w','2'),('64ddcd0020a211ea972d02c5d9ef22d8','2','ww','2019-12-17 15:54:04',0,0,1,'http://127.0.0.1:8889/profile/upload/2019/12/17/5bf8fbe586601e31f45abc239d66350a.jpeg','admin','admin','2019-12-19 13:46:56','sd','2'),('a140cb5a209611ea972d02c5d9ef22d8','w','ww','2019-12-17 14:29:51',0,0,1,'http://127.0.0.1:8889/profile/upload/2019/12/17/cfd2e4890b693a3d6e7ef1eaedfc3253.jpeg','admin','admin','2019-12-19 13:46:56','w','0'),('b6a815ea22e711ea823e91afbb9bd661','12','12','2019-12-20 13:15:19',0,1,1,'http://127.0.0.1:8889/profile/upload/2019/12/20/a787df206b2bba9255eea8276327348b.jpeg','admin',NULL,NULL,'12','0');
/*!40000 ALTER TABLE `sys_pet_copy1` ENABLE KEYS */;
UNLOCK TABLES;

--
-- Table structure for table `sys_post`
--

DROP TABLE IF EXISTS `sys_post`;
/*!40101 SET @saved_cs_client     = @@character_set_client */;
/*!50503 SET character_set_client = utf8mb4 */;
CREATE TABLE `sys_post` (
  `post_id` bigint(20) NOT NULL AUTO_INCREMENT COMMENT 'å²—ä½ID',
  `post_code` varchar(64) NOT NULL COMMENT 'å²—ä½ç¼–ç ',
  `post_name` varchar(50) NOT NULL COMMENT 'å²—ä½åç§°',
  `post_sort` int(4) NOT NULL COMMENT 'æ˜¾ç¤ºé¡ºåº',
  `status` char(1) NOT NULL COMMENT 'çŠ¶æ€ï¼ˆ0æ­£å¸¸ 1åœç”¨ï¼‰',
  `create_by` varchar(64) DEFAULT '' COMMENT 'åˆ›å»ºè€…',
  `create_time` datetime DEFAULT NULL COMMENT 'åˆ›å»ºæ—¶é—´',
  `update_by` varchar(64) DEFAULT '' COMMENT 'æ›´æ–°è€…',
  `update_time` datetime DEFAULT NULL COMMENT 'æ›´æ–°æ—¶é—´',
  `remark` varchar(500) DEFAULT NULL COMMENT 'å¤‡æ³¨',
  PRIMARY KEY (`post_id`)
) ENGINE=InnoDB AUTO_INCREMENT=5 DEFAULT CHARSET=utf8mb4 COLLATE=utf8mb4_0900_ai_ci COMMENT='å²—ä½ä¿¡æ¯è¡¨';
/*!40101 SET character_set_client = @saved_cs_client */;

--
-- Dumping data for table `sys_post`
--

LOCK TABLES `sys_post` WRITE;
/*!40000 ALTER TABLE `sys_post` DISABLE KEYS */;
INSERT INTO `sys_post` VALUES (1,'ceo','è‘£äº‹é•¿',1,'0','admin','2018-03-16 11:33:00','ry','2018-03-16 11:33:00',''),(2,'se','é¡¹ç›®ç»ç†',2,'0','admin','2018-03-16 11:33:00','ry','2018-03-16 11:33:00',''),(4,'user','æ™®é€šå‘˜å·¥',4,'0','admin','2018-03-16 11:33:00','ry','2018-03-16 11:33:00','');
/*!40000 ALTER TABLE `sys_post` ENABLE KEYS */;
UNLOCK TABLES;

--
-- Table structure for table `sys_role`
--

DROP TABLE IF EXISTS `sys_role`;
/*!40101 SET @saved_cs_client     = @@character_set_client */;
/*!50503 SET character_set_client = utf8mb4 */;
CREATE TABLE `sys_role` (
  `role_id` bigint(20) NOT NULL AUTO_INCREMENT COMMENT 'è§’è‰²ID',
  `role_name` varchar(30) NOT NULL COMMENT 'è§’è‰²åç§°',
  `role_key` varchar(100) NOT NULL COMMENT 'è§’è‰²æƒé™å­—ç¬¦ä¸²',
  `role_sort` int(4) NOT NULL COMMENT 'æ˜¾ç¤ºé¡ºåº',
  `data_scope` char(1) DEFAULT '1' COMMENT 'æ•°æ®èŒƒå›´ï¼ˆ1ï¼šå…¨éƒ¨æ•°æ®æƒé™ 2ï¼šè‡ªå®šæ•°æ®æƒé™ 3ï¼šæœ¬éƒ¨é—¨æ•°æ®æƒé™ 4ï¼šæœ¬éƒ¨é—¨åŠä»¥ä¸‹æ•°æ®æƒé™ï¼‰',
  `status` char(1) NOT NULL COMMENT 'è§’è‰²çŠ¶æ€ï¼ˆ0æ­£å¸¸ 1åœç”¨ï¼‰',
  `del_flag` char(1) DEFAULT '0' COMMENT 'åˆ é™¤æ ‡å¿—ï¼ˆ0ä»£è¡¨å­˜åœ¨ 2ä»£è¡¨åˆ é™¤ï¼‰',
  `create_by` varchar(64) DEFAULT '' COMMENT 'åˆ›å»ºè€…',
  `create_time` datetime DEFAULT NULL COMMENT 'åˆ›å»ºæ—¶é—´',
  `update_by` varchar(64) DEFAULT '' COMMENT 'æ›´æ–°è€…',
  `update_time` datetime DEFAULT NULL COMMENT 'æ›´æ–°æ—¶é—´',
  `remark` varchar(500) DEFAULT NULL COMMENT 'å¤‡æ³¨',
  PRIMARY KEY (`role_id`)
) ENGINE=InnoDB AUTO_INCREMENT=101 DEFAULT CHARSET=utf8mb4 COLLATE=utf8mb4_0900_ai_ci COMMENT='è§’è‰²ä¿¡æ¯è¡¨';
/*!40101 SET character_set_client = @saved_cs_client */;

--
-- Dumping data for table `sys_role`
--

LOCK TABLES `sys_role` WRITE;
/*!40000 ALTER TABLE `sys_role` DISABLE KEYS */;
INSERT INTO `sys_role` VALUES (1,'ç®¡ç†å‘˜','admin',1,'1','0','0','admin','2018-03-16 11:33:00','ry','2018-03-16 11:33:00','ç®¡ç†å‘˜'),(2,'æ™®é€šè§’è‰²','common',2,'1','0','0','admin','2018-03-16 11:33:00','admin','2019-12-21 16:15:18','æ™®é€šè§’è‰²'),(100,'æ™®é€šç®¡ç†å‘˜','commonAdmin',3,'2','0','0','admin','2019-12-18 14:05:57','admin','2019-12-18 17:16:21','');
/*!40000 ALTER TABLE `sys_role` ENABLE KEYS */;
UNLOCK TABLES;

--
-- Table structure for table `sys_role_dept`
--

DROP TABLE IF EXISTS `sys_role_dept`;
/*!40101 SET @saved_cs_client     = @@character_set_client */;
/*!50503 SET character_set_client = utf8mb4 */;
CREATE TABLE `sys_role_dept` (
  `role_id` bigint(20) NOT NULL COMMENT 'è§’è‰²ID',
  `dept_id` bigint(20) NOT NULL COMMENT 'éƒ¨é—¨ID',
  PRIMARY KEY (`role_id`,`dept_id`)
) ENGINE=InnoDB DEFAULT CHARSET=utf8mb4 COLLATE=utf8mb4_0900_ai_ci COMMENT='è§’è‰²å’Œéƒ¨é—¨å…³è”è¡¨';
/*!40101 SET character_set_client = @saved_cs_client */;

--
-- Dumping data for table `sys_role_dept`
--

LOCK TABLES `sys_role_dept` WRITE;
/*!40000 ALTER TABLE `sys_role_dept` DISABLE KEYS */;
/*!40000 ALTER TABLE `sys_role_dept` ENABLE KEYS */;
UNLOCK TABLES;

--
-- Table structure for table `sys_role_menu`
--

DROP TABLE IF EXISTS `sys_role_menu`;
/*!40101 SET @saved_cs_client     = @@character_set_client */;
/*!50503 SET character_set_client = utf8mb4 */;
CREATE TABLE `sys_role_menu` (
  `role_id` bigint(20) NOT NULL COMMENT 'è§’è‰²ID',
  `menu_id` bigint(20) NOT NULL COMMENT 'èœå•ID',
  PRIMARY KEY (`role_id`,`menu_id`)
) ENGINE=InnoDB DEFAULT CHARSET=utf8mb4 COLLATE=utf8mb4_0900_ai_ci COMMENT='è§’è‰²å’Œèœå•å…³è”è¡¨';
/*!40101 SET character_set_client = @saved_cs_client */;

--
-- Dumping data for table `sys_role_menu`
--

LOCK TABLES `sys_role_menu` WRITE;
/*!40000 ALTER TABLE `sys_role_menu` DISABLE KEYS */;
INSERT INTO `sys_role_menu` VALUES (2,2007),(2,2008),(2,2010),(2,2012),(2,2015),(100,1),(100,2),(100,3),(100,100),(100,101),(100,102),(100,103),(100,104),(100,105),(100,106),(100,107),(100,108),(100,109),(100,110),(100,111),(100,112),(100,113),(100,114),(100,115),(100,500),(100,501),(100,1000),(100,1001),(100,1002),(100,1003),(100,1004),(100,1005),(100,1006),(100,1007),(100,1008),(100,1009),(100,1010),(100,1011),(100,1012),(100,1013),(100,1014),(100,1015),(100,1016),(100,1017),(100,1018),(100,1019),(100,1020),(100,1021),(100,1022),(100,1023),(100,1024),(100,1025),(100,1026),(100,1027),(100,1028),(100,1029),(100,1030),(100,1031),(100,1032),(100,1033),(100,1034),(100,1035),(100,1036),(100,1037),(100,1038),(100,1039),(100,1040),(100,1041),(100,1042),(100,1043),(100,1044),(100,1045),(100,1046),(100,1047),(100,1048),(100,1049),(100,1050),(100,1051),(100,1052),(100,1053),(100,1054),(100,1055),(100,1056),(100,1057),(100,1058),(100,1059),(100,1060),(100,1061),(100,2000),(100,2001),(100,2002),(100,2003),(100,2004);
/*!40000 ALTER TABLE `sys_role_menu` ENABLE KEYS */;
UNLOCK TABLES;

--
-- Table structure for table `sys_user`
--

DROP TABLE IF EXISTS `sys_user`;
/*!40101 SET @saved_cs_client     = @@character_set_client */;
/*!50503 SET character_set_client = utf8mb4 */;
CREATE TABLE `sys_user` (
  `user_id` bigint(20) NOT NULL AUTO_INCREMENT COMMENT 'ç”¨æˆ·ID',
  `dept_id` bigint(20) DEFAULT NULL COMMENT 'éƒ¨é—¨ID',
  `login_name` varchar(30) NOT NULL COMMENT 'ç™»å½•è´¦å·',
  `user_name` varchar(30) NOT NULL COMMENT 'ç”¨æˆ·æ˜µç§°',
  `user_type` varchar(2) DEFAULT '00' COMMENT 'ç”¨æˆ·ç±»å‹ï¼ˆ00ç³»ç»Ÿç”¨æˆ·ï¼‰',
  `email` varchar(50) DEFAULT '' COMMENT 'ç”¨æˆ·é‚®ç®±',
  `phonenumber` varchar(11) DEFAULT '' COMMENT 'æ‰‹æœºå·ç ',
  `sex` char(1) DEFAULT '0' COMMENT 'ç”¨æˆ·æ€§åˆ«ï¼ˆ0ç”· 1å¥³ 2æœªçŸ¥ï¼‰',
  `avatar` varchar(100) DEFAULT '' COMMENT 'å¤´åƒè·¯å¾„',
  `password` varchar(50) DEFAULT '' COMMENT 'å¯†ç ',
  `salt` varchar(20) DEFAULT '' COMMENT 'ç›åŠ å¯†',
  `status` char(1) DEFAULT '0' COMMENT 'å¸å·çŠ¶æ€ï¼ˆ0æ­£å¸¸ 1åœç”¨ï¼‰',
  `del_flag` char(1) DEFAULT '0' COMMENT 'åˆ é™¤æ ‡å¿—ï¼ˆ0ä»£è¡¨å­˜åœ¨ 2ä»£è¡¨åˆ é™¤ï¼‰',
  `login_ip` varchar(50) DEFAULT '' COMMENT 'æœ€åç™»é™†IP',
  `login_date` datetime DEFAULT NULL COMMENT 'æœ€åç™»é™†æ—¶é—´',
  `create_by` varchar(64) DEFAULT '' COMMENT 'åˆ›å»ºè€…',
  `create_time` datetime DEFAULT NULL COMMENT 'åˆ›å»ºæ—¶é—´',
  `update_by` varchar(64) DEFAULT '' COMMENT 'æ›´æ–°è€…',
  `update_time` datetime DEFAULT NULL COMMENT 'æ›´æ–°æ—¶é—´',
  `remark` varchar(500) DEFAULT NULL COMMENT 'å¤‡æ³¨',
  PRIMARY KEY (`user_id`)
) ENGINE=InnoDB AUTO_INCREMENT=101 DEFAULT CHARSET=utf8mb4 COLLATE=utf8mb4_0900_ai_ci COMMENT='ç”¨æˆ·ä¿¡æ¯è¡¨';
/*!40101 SET character_set_client = @saved_cs_client */;

--
-- Dumping data for table `sys_user`
--

LOCK TABLES `sys_user` WRITE;
/*!40000 ALTER TABLE `sys_user` DISABLE KEYS */;
INSERT INTO `sys_user` VALUES (1,103,'admin','è‹¥ä¾','00','ry@163.com','15888888888','1','','29c67a30398638269fe600f73a054934','111111','0','0','127.0.0.1','2020-02-17 15:32:14','admin','2018-03-16 11:33:00','ry','2020-02-17 15:32:13','ç®¡ç†å‘˜'),(2,105,'ry','è‹¥ä¾','00','ry@qq.com','15666666666','1','','ce8a6bff0cfb7c927f7a3ab41822e6a6','0e17b7','0','0','127.0.0.1','2020-02-17 15:33:50','admin','2018-03-16 11:33:00','ry','2020-02-17 15:33:50','æµ‹è¯•å‘˜'),(100,105,'user','çˆ±å¿ƒå¸‚æ°‘','00','1026320617@qq.com','13422212222','0','','fe5a799a8a2e6d2974dd753614f19b6d','ea52aa','0','0','127.0.0.1','2019-12-21 19:36:40','admin','2019-12-18 13:12:01','admin','2019-12-21 19:36:39','');
/*!40000 ALTER TABLE `sys_user` ENABLE KEYS */;
UNLOCK TABLES;

--
-- Table structure for table `sys_user_online`
--

DROP TABLE IF EXISTS `sys_user_online`;
/*!40101 SET @saved_cs_client     = @@character_set_client */;
/*!50503 SET character_set_client = utf8mb4 */;
CREATE TABLE `sys_user_online` (
  `sessionId` varchar(50) NOT NULL DEFAULT '' COMMENT 'ç”¨æˆ·ä¼šè¯id',
  `login_name` varchar(50) DEFAULT '' COMMENT 'ç™»å½•è´¦å·',
  `dept_name` varchar(50) DEFAULT '' COMMENT 'éƒ¨é—¨åç§°',
  `ipaddr` varchar(50) DEFAULT '' COMMENT 'ç™»å½•IPåœ°å€',
  `login_location` varchar(255) DEFAULT '' COMMENT 'ç™»å½•åœ°ç‚¹',
  `browser` varchar(50) DEFAULT '' COMMENT 'æµè§ˆå™¨ç±»å‹',
  `os` varchar(50) DEFAULT '' COMMENT 'æ“ä½œç³»ç»Ÿ',
  `status` varchar(10) DEFAULT '' COMMENT 'åœ¨çº¿çŠ¶æ€on_lineåœ¨çº¿off_lineç¦»çº¿',
  `start_timestamp` datetime DEFAULT NULL COMMENT 'sessionåˆ›å»ºæ—¶é—´',
  `last_access_time` datetime DEFAULT NULL COMMENT 'sessionæœ€åè®¿é—®æ—¶é—´',
  `expire_time` int(5) DEFAULT '0' COMMENT 'è¶…æ—¶æ—¶é—´ï¼Œå•ä½ä¸ºåˆ†é’Ÿ',
  PRIMARY KEY (`sessionId`)
) ENGINE=InnoDB DEFAULT CHARSET=utf8mb4 COLLATE=utf8mb4_0900_ai_ci COMMENT='åœ¨çº¿ç”¨æˆ·è®°å½•';
/*!40101 SET character_set_client = @saved_cs_client */;

--
-- Dumping data for table `sys_user_online`
--

LOCK TABLES `sys_user_online` WRITE;
/*!40000 ALTER TABLE `sys_user_online` DISABLE KEYS */;
INSERT INTO `sys_user_online` VALUES ('c8f29bb4-cb0e-4531-a096-833059e825fb','ry','æµ‹è¯•éƒ¨é—¨','127.0.0.1','å†…ç½‘IP','Chrome 8','Windows 10','on_line','2020-02-17 15:33:41','2020-02-17 15:33:50',1800000);
/*!40000 ALTER TABLE `sys_user_online` ENABLE KEYS */;
UNLOCK TABLES;

--
-- Table structure for table `sys_user_post`
--

DROP TABLE IF EXISTS `sys_user_post`;
/*!40101 SET @saved_cs_client     = @@character_set_client */;
/*!50503 SET character_set_client = utf8mb4 */;
CREATE TABLE `sys_user_post` (
  `user_id` bigint(20) NOT NULL COMMENT 'ç”¨æˆ·ID',
  `post_id` bigint(20) NOT NULL COMMENT 'å²—ä½ID',
  PRIMARY KEY (`user_id`,`post_id`)
) ENGINE=InnoDB DEFAULT CHARSET=utf8mb4 COLLATE=utf8mb4_0900_ai_ci COMMENT='ç”¨æˆ·ä¸å²—ä½å…³è”è¡¨';
/*!40101 SET character_set_client = @saved_cs_client */;

--
-- Dumping data for table `sys_user_post`
--

LOCK TABLES `sys_user_post` WRITE;
/*!40000 ALTER TABLE `sys_user_post` DISABLE KEYS */;
INSERT INTO `sys_user_post` VALUES (1,1),(2,2),(100,4);
/*!40000 ALTER TABLE `sys_user_post` ENABLE KEYS */;
UNLOCK TABLES;

--
-- Table structure for table `sys_user_role`
--

DROP TABLE IF EXISTS `sys_user_role`;
/*!40101 SET @saved_cs_client     = @@character_set_client */;
/*!50503 SET character_set_client = utf8mb4 */;
CREATE TABLE `sys_user_role` (
  `user_id` bigint(20) NOT NULL COMMENT 'ç”¨æˆ·ID',
  `role_id` bigint(20) NOT NULL COMMENT 'è§’è‰²ID',
  PRIMARY KEY (`user_id`,`role_id`)
) ENGINE=InnoDB DEFAULT CHARSET=utf8mb4 COLLATE=utf8mb4_0900_ai_ci COMMENT='ç”¨æˆ·å’Œè§’è‰²å…³è”è¡¨';
/*!40101 SET character_set_client = @saved_cs_client */;

--
-- Dumping data for table `sys_user_role`
--

LOCK TABLES `sys_user_role` WRITE;
/*!40000 ALTER TABLE `sys_user_role` DISABLE KEYS */;
INSERT INTO `sys_user_role` VALUES (1,1),(2,2),(2,100),(100,2);
/*!40000 ALTER TABLE `sys_user_role` ENABLE KEYS */;
UNLOCK TABLES;

--
-- Table structure for table `user_leavemsg`
--

DROP TABLE IF EXISTS `user_leavemsg`;
/*!40101 SET @saved_cs_client     = @@character_set_client */;
/*!50503 SET character_set_client = utf8mb4 */;
CREATE TABLE `user_leavemsg` (
  `id` varchar(36) NOT NULL COMMENT 'ç•™è¨€id',
  `uId` int(11) DEFAULT NULL COMMENT 'ç•™è¨€è€…id',
  `msg` varchar(255) DEFAULT NULL COMMENT 'ç•™è¨€å†…å®¹',
  `create_time` datetime DEFAULT NULL COMMENT 'ç•™è¨€æ—¶é—´',
  `createBy` varchar(255) DEFAULT NULL COMMENT 'ç•™è¨€äººç”¨æˆ·å',
  `replayStatu` int(255) DEFAULT NULL COMMENT 'å›å¤çŠ¶æ€ï¼ˆ0ä¸ºæœªå›å¤ 1 ä¸ºæœ‰å›å¤ï¼‰',
  PRIMARY KEY (`id`)
) ENGINE=InnoDB DEFAULT CHARSET=utf8mb4 COLLATE=utf8mb4_0900_ai_ci;
/*!40101 SET character_set_client = @saved_cs_client */;

--
-- Dumping data for table `user_leavemsg`
--

LOCK TABLES `user_leavemsg` WRITE;
/*!40000 ALTER TABLE `user_leavemsg` DISABLE KEYS */;
INSERT INTO `user_leavemsg` VALUES ('0348d84622fa11ea823e91afbb9bd661',100,'sdasd','2019-12-20 15:26:18','çˆ±ä¸Š',1),('5b7db21623ae11eaaef9a7371ade0b99',100,'sd','2019-12-21 12:57:15','sd',1),('e0bc5df5515711ea8162a0510b8f993f',2,'æ˜¯','2020-02-17 15:34:06','æ˜¯',0);
/*!40000 ALTER TABLE `user_leavemsg` ENABLE KEYS */;
UNLOCK TABLES;

--
-- Table structure for table `user_leavemsg_reply`
--

DROP TABLE IF EXISTS `user_leavemsg_reply`;
/*!40101 SET @saved_cs_client     = @@character_set_client */;
/*!50503 SET character_set_client = utf8mb4 */;
CREATE TABLE `user_leavemsg_reply` (
  `id` varchar(36) NOT NULL COMMENT 'å›å¤ç•™è¨€id',
  `msgId` varchar(36) DEFAULT NULL COMMENT 'å›å¤çš„é‚£æ¡ç•™è¨€çš„id',
  `replyTime` datetime DEFAULT NULL COMMENT 'å›å¤æ—¶é—´',
  `replayerId` varchar(36) CHARACTER SET utf8mb4 COLLATE utf8mb4_0900_ai_ci DEFAULT NULL COMMENT 'å›å¤è€…id',
  `replayName` varchar(255) CHARACTER SET utf8mb4 COLLATE utf8mb4_0900_ai_ci DEFAULT NULL COMMENT 'å›å¤è€…ç”¨æˆ·å',
  `msg` varchar(255) DEFAULT NULL COMMENT 'å›å¤å†…å®¹',
  PRIMARY KEY (`id`)
) ENGINE=InnoDB DEFAULT CHARSET=utf8mb4 COLLATE=utf8mb4_0900_ai_ci;
/*!40101 SET character_set_client = @saved_cs_client */;

--
-- Dumping data for table `user_leavemsg_reply`
--

LOCK TABLES `user_leavemsg_reply` WRITE;
/*!40000 ALTER TABLE `user_leavemsg_reply` DISABLE KEYS */;
INSERT INTO `user_leavemsg_reply` VALUES ('047217fa23a911eaaef9a7371ade0b99','0348d84622fa11ea823e91afbb9bd661','2019-12-21 12:19:02','1','admin','helloå•Šss'),('1d5e933023ac11eaaef9a7371ade0b99','0348d84622fa11ea823e91afbb9bd661','2019-12-21 12:41:12','100','user','sss'),('633e75bc23ae11eaaef9a7371ade0b99','5b7db21623ae11eaaef9a7371ade0b99','2019-12-21 12:57:28','1','admin','helloå•Š'),('e2d4d8c023a911eaaef9a7371ade0b99','0348d84622fa11ea823e91afbb9bd661','2019-12-21 12:25:15','1','admin','as'),('fe19222823a211eaaef9a7371ade0b99','0348d84622fa11ea823e91afbb9bd661','2019-12-21 11:35:54','1','admin','helloå•Š');
/*!40000 ALTER TABLE `user_leavemsg_reply` ENABLE KEYS */;
UNLOCK TABLES;

--
-- Table structure for table `user_pet_apply`
--

DROP TABLE IF EXISTS `user_pet_apply`;
/*!40101 SET @saved_cs_client     = @@character_set_client */;
/*!50503 SET character_set_client = utf8mb4 */;
CREATE TABLE `user_pet_apply` (
  `id` varchar(36) NOT NULL,
  `uId` bigint(30) DEFAULT NULL COMMENT 'ç”³è¯·äººId',
  `pId` varchar(36) DEFAULT NULL COMMENT 'å® ç‰©id',
  `confirm` int(30) DEFAULT NULL COMMENT 'æ˜¯å¦åŒæ„ç”³è¯·ï¼ˆ0è¡¨ç¤ºæš‚æœªå¤„ç†  1 åŒæ„ 2 ä¸åŒæ„ï¼‰',
  `create_time` datetime DEFAULT NULL COMMENT 'ç”³è¯·æ—¶é—´',
  `update_time` datetime DEFAULT NULL COMMENT 'å¤„ç†æ—¶é—´',
  `updateBy` varchar(36) DEFAULT NULL COMMENT 'å¤„ç†äºº',
  `del_flag` varchar(255) CHARACTER SET utf8mb4 COLLATE utf8mb4_0900_ai_ci DEFAULT NULL COMMENT 'é€»è¾‘åˆ é™¤ 0 è¡¨ç¤ºæœªåˆ é™¤ 2è¡¨ç¤ºåˆ é™¤ ',
  `remark` varchar(255) DEFAULT NULL COMMENT 'å¤‡æ³¨',
  PRIMARY KEY (`id`)
) ENGINE=InnoDB DEFAULT CHARSET=utf8mb4 COLLATE=utf8mb4_0900_ai_ci;
/*!40101 SET character_set_client = @saved_cs_client */;

--
-- Dumping data for table `user_pet_apply`
--

LOCK TABLES `user_pet_apply` WRITE;
/*!40000 ALTER TABLE `user_pet_apply` DISABLE KEYS */;
INSERT INTO `user_pet_apply` VALUES ('3f7edca0222511ea98541eb84221e001',100,'26b56306214411eaab5a9a7da1b39bee',1,'2019-12-19 14:03:16','2019-12-19 14:29:46','admin','0','sss');
/*!40000 ALTER TABLE `user_pet_apply` ENABLE KEYS */;
UNLOCK TABLES;

--
-- Table structure for table `user_pet_applyfost`
--

DROP TABLE IF EXISTS `user_pet_applyfost`;
/*!40101 SET @saved_cs_client     = @@character_set_client */;
/*!50503 SET character_set_client = utf8mb4 */;
CREATE TABLE `user_pet_applyfost` (
  `id` varchar(36) NOT NULL COMMENT 'å® ç‰©id',
  `name` varchar(255) DEFAULT NULL COMMENT 'å® ç‰©åç§°',
  `type` varchar(255) DEFAULT NULL COMMENT 'å® ç‰©ç±»å‹',
  `create_time` datetime DEFAULT NULL COMMENT 'å…¥ç«™æ—¶é—´',
  `sex` int(11) DEFAULT NULL COMMENT 'æ€§åˆ«',
  `imageUrl` varchar(255) DEFAULT NULL COMMENT 'å›¾ç‰‡åœ°å€',
  `createBy` varchar(255) DEFAULT NULL COMMENT 'åˆ›å»ºè€…',
  `updateBy` varchar(255) DEFAULT NULL COMMENT 'æ›´æ–°è€…',
  `update_time` datetime DEFAULT NULL COMMENT 'æ›´æ–°æ—¶é—´',
  `remark` varchar(255) DEFAULT NULL COMMENT 'å¤‡æ³¨',
  `del_flag` varchar(255) DEFAULT NULL COMMENT 'åˆ é™¤æ ‡å¿—ï¼ˆ0ä»£è¡¨å­˜åœ¨ 2ä»£è¡¨åˆ é™¤ï¼‰',
  `confirm` int(11) DEFAULT NULL COMMENT 'ç”³è¯·çŠ¶æ€ 0 å¾…å¤„ç† 1 åŒæ„å¯„å…»',
  `uId` bigint(36) DEFAULT NULL COMMENT 'ç”¨æˆ·id',
  `phone` varchar(255) DEFAULT NULL COMMENT 'è”ç³»ç”µè¯',
  PRIMARY KEY (`id`)
) ENGINE=InnoDB DEFAULT CHARSET=utf8mb4 COLLATE=utf8mb4_0900_ai_ci;
/*!40101 SET character_set_client = @saved_cs_client */;

--
-- Dumping data for table `user_pet_applyfost`
--

LOCK TABLES `user_pet_applyfost` WRITE;
/*!40000 ALTER TABLE `user_pet_applyfost` DISABLE KEYS */;
INSERT INTO `user_pet_applyfost` VALUES ('2a3b437e22e811ea823e91afbb9bd661','äºŒå“ˆå“ˆå“ˆ','é›ªæ©‡çŠ¬','2019-12-20 13:18:32',1,'http://127.0.0.1:8889/profile/upload/2019/12/20/c59c2724fe4dd2a346ad5b66f01fc76f.jpeg','user','admin','2019-12-20 13:25:35','1231','0',1,100,'10086'),('647af0c822d611ea823e91afbb9bd661','12','12','2019-12-20 11:11:19',1,'http://127.0.0.1:8889/profile/upload/2019/12/20/a787df206b2bba9255eea8276327348b.jpeg','user','admin','2019-12-20 13:15:19','12','0',1,100,'10086');
/*!40000 ALTER TABLE `user_pet_applyfost` ENABLE KEYS */;
UNLOCK TABLES;

--
-- Table structure for table `user_pet_donate`
--

DROP TABLE IF EXISTS `user_pet_donate`;
/*!40101 SET @saved_cs_client     = @@character_set_client */;
/*!50503 SET character_set_client = utf8mb4 */;
CREATE TABLE `user_pet_donate` (
  `id` varchar(36) NOT NULL COMMENT 'å® ç‰©id',
  `name` varchar(255) DEFAULT NULL COMMENT 'å® ç‰©åç§°',
  `type` varchar(255) DEFAULT NULL COMMENT 'å® ç‰©ç±»å‹',
  `create_time` datetime DEFAULT NULL COMMENT 'å…¥ç«™æ—¶é—´',
  `sex` int(11) DEFAULT NULL COMMENT 'æ€§åˆ«',
  `imageUrl` varchar(255) DEFAULT NULL COMMENT 'å›¾ç‰‡åœ°å€',
  `createBy` varchar(255) DEFAULT NULL COMMENT 'åˆ›å»ºè€…',
  `updateBy` varchar(255) DEFAULT NULL COMMENT 'æ›´æ–°è€…',
  `update_time` datetime DEFAULT NULL COMMENT 'æ›´æ–°æ—¶é—´',
  `remark` varchar(255) DEFAULT NULL COMMENT 'å¤‡æ³¨',
  `del_flag` varchar(255) DEFAULT NULL COMMENT 'åˆ é™¤æ ‡å¿—ï¼ˆ0ä»£è¡¨å­˜åœ¨ 2ä»£è¡¨åˆ é™¤ï¼‰',
  `confirm` int(11) DEFAULT NULL COMMENT 'ç”³è¯·çŠ¶æ€ 0 å¾…å¤„ç† 1 åŒæ„å¯„å…»',
  `uId` bigint(36) DEFAULT NULL COMMENT 'ç”¨æˆ·id',
  `phone` varchar(255) DEFAULT NULL COMMENT 'è”ç³»ç”µè¯',
  PRIMARY KEY (`id`)
) ENGINE=InnoDB DEFAULT CHARSET=utf8mb4 COLLATE=utf8mb4_0900_ai_ci;
/*!40101 SET character_set_client = @saved_cs_client */;

--
-- Dumping data for table `user_pet_donate`
--

LOCK TABLES `user_pet_donate` WRITE;
/*!40000 ALTER TABLE `user_pet_donate` DISABLE KEYS */;
INSERT INTO `user_pet_donate` VALUES ('377761ea23e611eaaef9a7371ade0b99','sasd','asd','2019-12-21 19:37:07',1,'http://127.0.0.1:8889/profile/upload/2019/12/21/0c759bc6b6a574d626405f4615c1e90b.jpeg','user','admin','2019-12-21 19:37:19','123123','0',1,100,'111121212121'),('44e774da23d911eaaef9a7371ade0b99','è¨æ‘©çŠ¬','é›ªæ©‡çŠ¬','2019-12-21 18:54:52',1,'http://127.0.0.1:8889/profile/upload/2019/12/21/ca1bb2c4bd34efae381f6e816f28b545.jpeg','user','admin','2019-12-21 19:32:38','111','0',1,100,'1000086');
/*!40000 ALTER TABLE `user_pet_donate` ENABLE KEYS */;
UNLOCK TABLES;

--
-- Temporary view structure for view `v_pet_applyadopt`
--

DROP TABLE IF EXISTS `v_pet_applyadopt`;
/*!50001 DROP VIEW IF EXISTS `v_pet_applyadopt`*/;
SET @saved_cs_client     = @@character_set_client;
/*!50503 SET character_set_client = utf8mb4 */;
/*!50001 CREATE VIEW `v_pet_applyadopt` AS SELECT 
 1 AS `id`,
 1 AS `name`,
 1 AS `type`,
 1 AS `sex`,
 1 AS `petremark`,
 1 AS `petId`,
 1 AS `applyName`,
 1 AS `applyremark`,
 1 AS `create_time`,
 1 AS `update_time`,
 1 AS `updateBy`,
 1 AS `confirm`,
 1 AS `del_flag`*/;
SET character_set_client = @saved_cs_client;

--
-- Temporary view structure for view `v_pet_applyfost`
--

DROP TABLE IF EXISTS `v_pet_applyfost`;
/*!50001 DROP VIEW IF EXISTS `v_pet_applyfost`*/;
SET @saved_cs_client     = @@character_set_client;
/*!50503 SET character_set_client = utf8mb4 */;
/*!50001 CREATE VIEW `v_pet_applyfost` AS SELECT 
 1 AS `id`,
 1 AS `name`,
 1 AS `type`,
 1 AS `sex`,
 1 AS `petremark`,
 1 AS `applyName`,
 1 AS `create_time`,
 1 AS `update_time`,
 1 AS `updateBy`,
 1 AS `confirm`,
 1 AS `del_flag`,
 1 AS `phone`*/;
SET character_set_client = @saved_cs_client;

--
-- Temporary view structure for view `v_pet_myapplyfostview`
--

DROP TABLE IF EXISTS `v_pet_myapplyfostview`;
/*!50001 DROP VIEW IF EXISTS `v_pet_myapplyfostview`*/;
SET @saved_cs_client     = @@character_set_client;
/*!50503 SET character_set_client = utf8mb4 */;
/*!50001 CREATE VIEW `v_pet_myapplyfostview` AS SELECT 
 1 AS `petName`,
 1 AS `type`,
 1 AS `sex`,
 1 AS `createTime`,
 1 AS `confirm`,
 1 AS `uId`*/;
SET character_set_client = @saved_cs_client;

--
-- Temporary view structure for view `v_pet_myapplyview`
--

DROP TABLE IF EXISTS `v_pet_myapplyview`;
/*!50001 DROP VIEW IF EXISTS `v_pet_myapplyview`*/;
SET @saved_cs_client     = @@character_set_client;
/*!50503 SET character_set_client = utf8mb4 */;
/*!50001 CREATE VIEW `v_pet_myapplyview` AS SELECT 
 1 AS `petName`,
 1 AS `type`,
 1 AS `sex`,
 1 AS `createTime`,
 1 AS `confirm`,
 1 AS `uId`*/;
SET character_set_client = @saved_cs_client;

--
-- Temporary view structure for view `v_pet_systemdonateview`
--

DROP TABLE IF EXISTS `v_pet_systemdonateview`;
/*!50001 DROP VIEW IF EXISTS `v_pet_systemdonateview`*/;
SET @saved_cs_client     = @@character_set_client;
/*!50503 SET character_set_client = utf8mb4 */;
/*!50001 CREATE VIEW `v_pet_systemdonateview` AS SELECT 
 1 AS `id`,
 1 AS `name`,
 1 AS `type`,
 1 AS `sex`,
 1 AS `petremark`,
 1 AS `applyName`,
 1 AS `create_time`,
 1 AS `update_time`,
 1 AS `updateBy`,
 1 AS `confirm`,
 1 AS `del_flag`,
 1 AS `phone`*/;
SET character_set_client = @saved_cs_client;

--
-- Final view structure for view `v_pet_applyadopt`
--

/*!50001 DROP VIEW IF EXISTS `v_pet_applyadopt`*/;
/*!50001 SET @saved_cs_client          = @@character_set_client */;
/*!50001 SET @saved_cs_results         = @@character_set_results */;
/*!50001 SET @saved_col_connection     = @@collation_connection */;
/*!50001 SET character_set_client      = utf8mb4 */;
/*!50001 SET character_set_results     = utf8mb4 */;
/*!50001 SET collation_connection      = utf8mb4_0900_ai_ci */;
/*!50001 CREATE ALGORITHM=UNDEFINED */
/*!50013 DEFINER=`root`@`localhost` SQL SECURITY DEFINER */
/*!50001 VIEW `v_pet_applyadopt` AS select `user_pet_apply`.`id` AS `id`,`sys_pet`.`name` AS `name`,`sys_pet`.`type` AS `type`,`sys_pet`.`sex` AS `sex`,`sys_pet`.`remark` AS `petremark`,`sys_pet`.`id` AS `petId`,`sys_user`.`user_name` AS `applyName`,`user_pet_apply`.`remark` AS `applyremark`,`user_pet_apply`.`create_time` AS `create_time`,`user_pet_apply`.`update_time` AS `update_time`,`user_pet_apply`.`updateBy` AS `updateBy`,`user_pet_apply`.`confirm` AS `confirm`,`user_pet_apply`.`del_flag` AS `del_flag` from ((`user_pet_apply` left join `sys_user` on((`user_pet_apply`.`uId` = `sys_user`.`user_id`))) left join `sys_pet` on((`sys_pet`.`id` = `user_pet_apply`.`pId`))) */;
/*!50001 SET character_set_client      = @saved_cs_client */;
/*!50001 SET character_set_results     = @saved_cs_results */;
/*!50001 SET collation_connection      = @saved_col_connection */;

--
-- Final view structure for view `v_pet_applyfost`
--

/*!50001 DROP VIEW IF EXISTS `v_pet_applyfost`*/;
/*!50001 SET @saved_cs_client          = @@character_set_client */;
/*!50001 SET @saved_cs_results         = @@character_set_results */;
/*!50001 SET @saved_col_connection     = @@collation_connection */;
/*!50001 SET character_set_client      = utf8mb4 */;
/*!50001 SET character_set_results     = utf8mb4 */;
/*!50001 SET collation_connection      = utf8mb4_0900_ai_ci */;
/*!50001 CREATE ALGORITHM=UNDEFINED */
/*!50013 DEFINER=`root`@`localhost` SQL SECURITY DEFINER */
/*!50001 VIEW `v_pet_applyfost` AS select `user_pet_applyfost`.`id` AS `id`,`user_pet_applyfost`.`name` AS `name`,`user_pet_applyfost`.`type` AS `type`,`user_pet_applyfost`.`sex` AS `sex`,`user_pet_applyfost`.`remark` AS `petremark`,`sys_user`.`user_name` AS `applyName`,`user_pet_applyfost`.`create_time` AS `create_time`,`user_pet_applyfost`.`update_time` AS `update_time`,`user_pet_applyfost`.`updateBy` AS `updateBy`,`user_pet_applyfost`.`confirm` AS `confirm`,`user_pet_applyfost`.`del_flag` AS `del_flag`,`user_pet_applyfost`.`phone` AS `phone` from (`user_pet_applyfost` left join `sys_user` on((`user_pet_applyfost`.`uId` = `sys_user`.`user_id`))) */;
/*!50001 SET character_set_client      = @saved_cs_client */;
/*!50001 SET character_set_results     = @saved_cs_results */;
/*!50001 SET collation_connection      = @saved_col_connection */;

--
-- Final view structure for view `v_pet_myapplyfostview`
--

/*!50001 DROP VIEW IF EXISTS `v_pet_myapplyfostview`*/;
/*!50001 SET @saved_cs_client          = @@character_set_client */;
/*!50001 SET @saved_cs_results         = @@character_set_results */;
/*!50001 SET @saved_col_connection     = @@collation_connection */;
/*!50001 SET character_set_client      = utf8mb4 */;
/*!50001 SET character_set_results     = utf8mb4 */;
/*!50001 SET collation_connection      = utf8mb4_0900_ai_ci */;
/*!50001 CREATE ALGORITHM=UNDEFINED */
/*!50013 DEFINER=`root`@`localhost` SQL SECURITY DEFINER */
/*!50001 VIEW `v_pet_myapplyfostview` AS select `user_pet_applyfost`.`name` AS `petName`,`user_pet_applyfost`.`type` AS `type`,`user_pet_applyfost`.`sex` AS `sex`,`user_pet_applyfost`.`create_time` AS `createTime`,`user_pet_applyfost`.`confirm` AS `confirm`,`user_pet_applyfost`.`uId` AS `uId` from (`user_pet_applyfost` left join `sys_user` on((`sys_user`.`user_id` = `user_pet_applyfost`.`uId`))) */;
/*!50001 SET character_set_client      = @saved_cs_client */;
/*!50001 SET character_set_results     = @saved_cs_results */;
/*!50001 SET collation_connection      = @saved_col_connection */;

--
-- Final view structure for view `v_pet_myapplyview`
--

/*!50001 DROP VIEW IF EXISTS `v_pet_myapplyview`*/;
/*!50001 SET @saved_cs_client          = @@character_set_client */;
/*!50001 SET @saved_cs_results         = @@character_set_results */;
/*!50001 SET @saved_col_connection     = @@collation_connection */;
/*!50001 SET character_set_client      = utf8mb4 */;
/*!50001 SET character_set_results     = utf8mb4 */;
/*!50001 SET collation_connection      = utf8mb4_0900_ai_ci */;
/*!50001 CREATE ALGORITHM=UNDEFINED */
/*!50013 DEFINER=`root`@`localhost` SQL SECURITY DEFINER */
/*!50001 VIEW `v_pet_myapplyview` AS select `sys_pet`.`name` AS `petName`,`sys_pet`.`type` AS `type`,`sys_pet`.`sex` AS `sex`,`user_pet_apply`.`create_time` AS `createTime`,`user_pet_apply`.`confirm` AS `confirm`,`user_pet_apply`.`uId` AS `uId` from ((`user_pet_apply` left join `sys_pet` on((`user_pet_apply`.`pId` = `sys_pet`.`id`))) left join `sys_user` on((`sys_user`.`user_id` = `user_pet_apply`.`uId`))) */;
/*!50001 SET character_set_client      = @saved_cs_client */;
/*!50001 SET character_set_results     = @saved_cs_results */;
/*!50001 SET collation_connection      = @saved_col_connection */;

--
-- Final view structure for view `v_pet_systemdonateview`
--

/*!50001 DROP VIEW IF EXISTS `v_pet_systemdonateview`*/;
/*!50001 SET @saved_cs_client          = @@character_set_client */;
/*!50001 SET @saved_cs_results         = @@character_set_results */;
/*!50001 SET @saved_col_connection     = @@collation_connection */;
/*!50001 SET character_set_client      = utf8mb4 */;
/*!50001 SET character_set_results     = utf8mb4 */;
/*!50001 SET collation_connection      = utf8mb4_0900_ai_ci */;
/*!50001 CREATE ALGORITHM=UNDEFINED */
/*!50013 DEFINER=`root`@`localhost` SQL SECURITY DEFINER */
/*!50001 VIEW `v_pet_systemdonateview` AS select `user_pet_donate`.`id` AS `id`,`user_pet_donate`.`name` AS `name`,`user_pet_donate`.`type` AS `type`,`user_pet_donate`.`sex` AS `sex`,`user_pet_donate`.`remark` AS `petremark`,`sys_user`.`user_name` AS `applyName`,`user_pet_donate`.`create_time` AS `create_time`,`user_pet_donate`.`update_time` AS `update_time`,`user_pet_donate`.`updateBy` AS `updateBy`,`user_pet_donate`.`confirm` AS `confirm`,`user_pet_donate`.`del_flag` AS `del_flag`,`user_pet_donate`.`phone` AS `phone` from (`user_pet_donate` left join `sys_user` on((`user_pet_donate`.`uId` = `sys_user`.`user_id`))) */;
/*!50001 SET character_set_client      = @saved_cs_client */;
/*!50001 SET character_set_results     = @saved_cs_results */;
/*!50001 SET collation_connection      = @saved_col_connection */;
/*!40103 SET TIME_ZONE=@OLD_TIME_ZONE */;

/*!40101 SET SQL_MODE=@OLD_SQL_MODE */;
/*!40014 SET FOREIGN_KEY_CHECKS=@OLD_FOREIGN_KEY_CHECKS */;
/*!40014 SET UNIQUE_CHECKS=@OLD_UNIQUE_CHECKS */;
/*!40101 SET CHARACTER_SET_CLIENT=@OLD_CHARACTER_SET_CLIENT */;
/*!40101 SET CHARACTER_SET_RESULTS=@OLD_CHARACTER_SET_RESULTS */;
/*!40101 SET COLLATION_CONNECTION=@OLD_COLLATION_CONNECTION */;
/*!40111 SET SQL_NOTES=@OLD_SQL_NOTES */;

-- Dump completed on 2020-02-17 15:43:05
